Country Name,Country Code,Indicator Name,Indicator Code,1960,1961,1962,1963,1964,1965,1966,1967,1968,1969,1970,1971,1972,1973,1974,1975,1976,1977,1978,1979,1980,1981,1982,1983,1984,1985,1986,1987,1988,1989,1990,1991,1992,1993,1994,1995,1996,1997,1998,1999,2000,2001,2002,2003,2004,2005,2006,2007,2008,2009,2010,2011,2012,2013,2014,2015,2016,2017,2018,2019,2020,2021
Aruba,ABW,GDP per unit of energy use (constant 2017 PPP $ per kg of oil equivalent),EG.GDP.PUSE.KO.PP.KD,,,,,,,,,,,,,,,,,,,,,,,,,,,,,,,,,,,,,,,,,,,,,,,,,,,,,,,,,,,,,,
Africa Eastern and Southern,AFE,GDP per unit of energy use (constant 2017 PPP $ per kg of oil equivalent),EG.GDP.PUSE.KO.PP.KD,,,,,,,,,,,,,,,,,,,,,,,,,,,,,,,4.585771403,4.441636849,4.445247742,4.234349834,4.195633386,4.195920434,4.327951759,4.410625834,4.433090003,4.430829757,4.553949096,4.573476104,4.7270489,4.664977871,4.696144569,4.929917117,5.164251595,5.277455746,5.195855944,5.176784214,5.386605821,5.490538371,5.496310523,5.602204824,5.671028696,,,,,,,
Afghanistan,AFG,GDP per unit of energy use (constant 2017 PPP $ per kg of oil equivalent),EG.GDP.PUSE.KO.PP.KD,,,,,,,,,,,,,,,,,,,,,,,,,,,,,,,,,,,,,,,,,,,,,,,,,,,,,,,,,,,,,,
Africa Western and Central,AFW,GDP per unit of energy use (constant 2017 PPP $ per kg of oil equivalent),EG.GDP.PUSE.KO.PP.KD,,,,,,,,,,,,,,,,,,,,,,,,,,,,,,,5.772441306,5.541059175,5.482539035,5.299885328,5.348953233,5.29835136,5.288460593,5.334118157,5.436440908,5.268348148,5.417858165,5.438441625,5.77486865,5.82667553,6.12212996,6.217701251,6.448231485,6.572464975,6.608911436,7.025104074,7.031098411,7.026227734,7.025967091,7.312524673,7.684298365,,,,,,,
Angola,AGO,GDP per unit of energy use (constant 2017 PPP $ per kg of oil equivalent),EG.GDP.PUSE.KO.PP.KD,,,,,,,,,,,,,,,,,,,,,,,,,,,,,,,11.59824125,11.43928291,10.7116936,7.86226918,7.860117021,9.046359503,9.982015743,10.47990746,10.99928735,10.70035799,10.73527663,10.71532114,11.64198751,11.11128862,11.98222462,14.26253927,14.50075747,15.49909031,15.91818215,14.77347424,14.76833292,14.71232541,14.55154551,15.25259967,15.13074751,,,,,,,
Albania,ALB,GDP per unit of energy use (constant 2017 PPP $ per kg of oil equivalent),EG.GDP.PUSE.KO.PP.KD,,,,,,,,,,,,,,,,,,,,,,,,,,,,,,,5.935456077,6.10421066,7.805249273,8.726979443,8.887555879,10.72240455,10.96117181,11.44145814,11.29429953,9.501949511,10.1509984,10.78492628,10.23244279,11.03728428,10.59547023,11.17326593,12.12203955,13.45883407,13.94611574,14.08398256,14.74242206,14.44871563,16.32220977,14.17804142,14.33208185,,,,,,,
Andorra,AND,GDP per unit of energy use (constant 2017 PPP $ per kg of oil equivalent),EG.GDP.PUSE.KO.PP.KD,,,,,,,,,,,,,,,,,,,,,,,,,,,,,,,,,,,,,,,,,,,,,,,,,,,,,,,,,,,,,,
Arab World,ARB,GDP per unit of energy use (constant 2017 PPP $ per kg of oil equivalent),EG.GDP.PUSE.KO.PP.KD,,,,,,,,,,,,,,,,,,,,,,,,,,,,,,,9.981019037,9.618303195,9.16069727,8.732073013,8.486799984,8.546777751,8.612410196,8.714298298,9.100128177,9.185761162,9.384553778,8.878411653,8.504374567,8.792489413,8.978938495,8.96750956,8.854097635,8.856001266,8.679969847,8.246510022,8.114397384,8.297707776,8.014819465,8.228404113,8.107918271,,,,,,,
United Arab Emirates,ARE,GDP per unit of energy use (constant 2017 PPP $ per kg of oil equivalent),EG.GDP.PUSE.KO.PP.KD,,,,,,,,,,,,,,,,,,,,,,,,,,,,,,,9.851802751,8.640390977,9.381106566,9.032146746,8.713685941,8.748760713,8.766757259,8.97880158,8.805862906,8.874052135,10.06179336,7.999763425,8.261571186,9.136332618,9.383250257,9.253930024,9.790257936,9.307773303,8.118631229,7.61158209,7.515844635,7.70605688,7.595524943,7.801723416,8.066171081,,,,,,,
Argentina,ARG,GDP per unit of energy use (constant 2017 PPP $ per kg of oil equivalent),EG.GDP.PUSE.KO.PP.KD,,,,,,,,,,,,,,,,,,,,,,,,,,,,,,,10.01626144,10.60393992,10.88350573,11.74249043,11.68264724,11.18902875,11.38719284,11.92886648,11.97847193,11.37806156,11.15602859,11.21063302,10.27802464,10.45457756,10.43424626,11.29001768,11.21272772,12.0664099,11.92349377,11.5367301,12.1957024,12.62652902,12.45292412,12.41681102,11.60147507,,,,,,,
Armenia,ARM,GDP per unit of energy use (constant 2017 PPP $ per kg of oil equivalent),EG.GDP.PUSE.KO.PP.KD,,,,,,,,,,,,,,,,,,,,,,,,,,,,,,,2.377758614,1.991848174,2.280256489,3.917824997,6.56762291,5.884971818,5.752910596,5.68605447,5.990296604,6.400012211,6.168219875,6.790214785,8.216470961,8.871120174,9.271276869,8.804883806,9.786834384,9.97987435,10.13144062,10.01702495,10.7600253,10.30175379,10.09539882,10.68107338,10.84726011,,,,,,,
American Samoa,ASM,GDP per unit of energy use (constant 2017 PPP $ per kg of oil equivalent),EG.GDP.PUSE.KO.PP.KD,,,,,,,,,,,,,,,,,,,,,,,,,,,,,,,,,,,,,,,,,,,,,,,,,,,,,,,,,,,,,,
Antigua and Barbuda,ATG,GDP per unit of energy use (constant 2017 PPP $ per kg of oil equivalent),EG.GDP.PUSE.KO.PP.KD,,,,,,,,,,,,,,,,,,,,,,,,,,,,,,,9.781471218,,,,,,,,,,,,,,11.15548048,11.70427086,12.63817047,13.53158507,,,,,,,,,,,,,,
Australia,AUS,GDP per unit of energy use (constant 2017 PPP $ per kg of oil equivalent),EG.GDP.PUSE.KO.PP.KD,,,,,,,,,,,,,,,,,,,,,,,,,,,,,,,6.125871636,6.188624518,6.101273009,6.056426016,6.301917479,6.4185383,6.256621215,6.339749592,6.464123706,6.639657344,6.776191658,7.068757463,7.101937519,7.234235784,7.413338789,7.592991549,7.491279397,7.516548568,7.507088125,7.621988701,7.761866527,7.90313844,8.315375755,8.54814894,8.855312708,8.674192784,,,,,,
Austria,AUT,GDP per unit of energy use (constant 2017 PPP $ per kg of oil equivalent),EG.GDP.PUSE.KO.PP.KD,,,,,,,,,,,,,,,,,,,,,,,,,,,,,,,11.57199746,11.24384419,11.94681567,11.87383482,12.19208395,11.98285244,11.54036839,11.86813113,12.08832823,12.54538115,13.01494926,12.47291352,12.56588626,11.98732192,12.13535209,12.08816793,12.46458323,13.07722224,13.18553996,13.43567499,12.79706735,13.55953504,13.7125366,13.5231317,14.06544991,13.91307705,,,,,,
Azerbaijan,AZE,GDP per unit of energy use (constant 2017 PPP $ per kg of oil equivalent),EG.GDP.PUSE.KO.PP.KD,,,,,,,,,,,,,,,,,,,,,,,,,,,,,,,2.411675492,2.417176056,2.308782546,1.981261091,1.753002517,1.645485446,1.972246842,2.1658395,2.295032512,2.650416588,2.849099116,3.090408362,3.348512015,3.508545605,3.645174988,4.441732858,6.061894922,8.277518181,8.335368147,10.16804002,11.0055954,10.16089863,9.52372438,9.94006774,9.898249004,,,,,,,
Burundi,BDI,GDP per unit of energy use (constant 2017 PPP $ per kg of oil equivalent),EG.GDP.PUSE.KO.PP.KD,,,,,,,,,,,,,,,,,,,,,,,,,,,,,,,,,,,,,,,,,,,,,,,,,,,,,,,,,,,,,,
Belgium,BEL,GDP per unit of energy use (constant 2017 PPP $ per kg of oil equivalent),EG.GDP.PUSE.KO.PP.KD,,,,,,,,,,,,,,,,,,,,,,,,,,,,,,,7.382101113,7.19609477,7.226616694,7.33047294,7.130759382,7.17283829,6.901276423,7.162608033,7.183886773,7.408731745,7.588890766,7.693686781,8.141880914,7.899947446,8.142420618,8.341503158,8.63040825,9.104503555,8.877446427,9.056874341,8.660131671,9.456378936,9.949652485,9.645810834,10.35393588,10.55005231,,,,,,
Benin,BEN,GDP per unit of energy use (constant 2017 PPP $ per kg of oil equivalent),EG.GDP.PUSE.KO.PP.KD,,,,,,,,,,,,,,,,,,,,,,,,,,,,,,,6.518482028,6.691825433,6.723818077,6.952792038,6.942348476,7.20395149,6.454056147,6.577408687,6.932016904,7.000174115,8.582019497,8.500057532,8.29180635,8.13275907,8.134958321,8.245255806,7.26338,7.08051933,7.26581855,7.085724745,6.810517645,6.82476279,6.905209107,7.081645014,7.139927442,,,,,,,
Burkina Faso,BFA,GDP per unit of energy use (constant 2017 PPP $ per kg of oil equivalent),EG.GDP.PUSE.KO.PP.KD,,,,,,,,,,,,,,,,,,,,,,,,,,,,,,,,,,,,,,,,,,,,,,,,,,,,,,,,,,,,,,
Bangladesh,BGD,GDP per unit of energy use (constant 2017 PPP $ per kg of oil equivalent),EG.GDP.PUSE.KO.PP.KD,,,,,,,,,,,,,,,,,,,,,,,,,,,,,,,14.55547772,15.28142594,15.26574529,15.13981058,15.05940427,14.55038942,15.11893052,15.1225564,15.25740928,15.76085613,16.03832663,15.40625257,15.62356506,15.52972886,16.0464208,16.46337104,16.39098388,16.7962925,16.96506961,16.9393067,16.51244533,16.94579061,17.2017921,17.85709032,18.13700983,,,,,,,
Bulgaria,BGR,GDP per unit of energy use (constant 2017 PPP $ per kg of oil equivalent),EG.GDP.PUSE.KO.PP.KD,,,,,,,,,,,,,,,,,,,,,,,,,,,,,,,3.86356686,4.559326228,4.524231511,4.156415685,4.364593228,4.137137738,4.376523188,4.146557202,4.472104882,4.480315402,4.61245798,4.595010285,4.992564945,5.12687352,5.614107258,5.689257068,5.909756951,6.409901192,6.89531715,7.555332265,7.514627553,7.130527437,7.524454933,8.119429517,7.750404549,,,,,,,
Bahrain,BHR,GDP per unit of energy use (constant 2017 PPP $ per kg of oil equivalent),EG.GDP.PUSE.KO.PP.KD,,,,,,,,,,,,,,,,,,,,,,,,,,,,,,,3.657009104,4.132264951,4.007284645,4.29166972,4.027415387,4.133501578,4.30483463,3.936947329,3.926648037,4.133491577,4.12103948,4.110175889,4.096724964,4.104681563,4.3746161,4.067743607,4.042539107,4.183806807,4.100365989,4.329096674,4.369173764,4.454638788,4.662296973,4.5039981,4.548752514,,,,,,,
"Bahamas, The",BHS,GDP per unit of energy use (constant 2017 PPP $ per kg of oil equivalent),EG.GDP.PUSE.KO.PP.KD,,,,,,,,,,,,,,,,,,,,,,,,,,,,,,,15.11744925,,,,,,,,,,,,,,19.08131518,18.82208693,19.02249959,19.21604993,,,,,,,,,,,,,,
Bosnia and Herzegovina,BIH,GDP per unit of energy use (constant 2017 PPP $ per kg of oil equivalent),EG.GDP.PUSE.KO.PP.KD,,,,,,,,,,,,,,,,,,,,,,,,,,,,,,,,,,,4.535520835,5.262105029,8.512872036,7.41025689,6.892307226,7.633605694,6.563366437,6.956260837,6.96421761,7.245432126,7.046712871,6.986035988,7.002903213,7.407424338,6.94929329,6.463042961,6.253601201,5.726715011,6.071824662,6.435990967,5.370290661,,,,,,,
Belarus,BLR,GDP per unit of energy use (constant 2017 PPP $ per kg of oil equivalent),EG.GDP.PUSE.KO.PP.KD,,,,,,,,,,,,,,,,,,,,,,,,,,,,,,,1.992100661,2.02011849,2.188511858,2.374407904,2.468971621,2.391292192,2.393822742,2.673504231,2.958461464,3.141489417,3.270442446,3.410525829,3.514219095,3.654060338,3.937851538,4.312371321,4.456386919,4.940991392,5.43735885,5.738226478,5.961431819,5.892125293,5.764785454,6.510538131,6.510758135,,,,,,,
Belize,BLZ,GDP per unit of energy use (constant 2017 PPP $ per kg of oil equivalent),EG.GDP.PUSE.KO.PP.KD,,,,,,,,,,,,,,,,,,,,,,,,,,,,,,,10.99560027,,,,,,,,,,,,,,17.04752713,16.77302794,16.42024772,16.38634418,,,,,,,,,,,,,,
Bermuda,BMU,GDP per unit of energy use (constant 2017 PPP $ per kg of oil equivalent),EG.GDP.PUSE.KO.PP.KD,,,,,,,,,,,,,,,,,,,,,,,,,,,,,,,,,,,,,,,,,,,,,,,,,,,,,,,,,,,,,,
Bolivia,BOL,GDP per unit of energy use (constant 2017 PPP $ per kg of oil equivalent),EG.GDP.PUSE.KO.PP.KD,,,,,,,,,,,,,,,,,,,,,,,,,,,,,,,12.06315503,12.31822406,11.82136595,11.5292985,10.96284835,10.22592805,9.92617655,9.552234325,9.925346469,10.14301481,9.29425109,12.14643917,10.38377263,10.25851694,10.67361394,10.21902879,8.556496503,10.98149209,10.96020855,10.87520186,10.39523625,10.35563179,9.468750728,10.05781304,9.934398356,,,,,,,
Brazil,BRA,GDP per unit of energy use (constant 2017 PPP $ per kg of oil equivalent),EG.GDP.PUSE.KO.PP.KD,,,,,,,,,,,,,,,,,,,,,,,,,,,,,,,11.18079197,11.08655762,10.91246233,11.17032935,11.23178506,11.31874859,10.98451587,10.8087151,10.59117673,10.40489687,10.81795009,10.78023203,10.82298577,10.76943336,10.78972414,10.86166439,10.91264513,10.95354234,10.90396583,11.25827641,10.94823851,11.20791788,10.94887692,10.81751705,10.53097888,,,,,,,
Barbados,BRB,GDP per unit of energy use (constant 2017 PPP $ per kg of oil equivalent),EG.GDP.PUSE.KO.PP.KD,,,,,,,,,,,,,,,,,,,,,,,,,,,,,,,11.33384152,,,,,,,,,,,,,,11.16683868,11.16205601,11.60628282,11.75878656,,,,,,,,,,,,,,
Brunei Darussalam,BRN,GDP per unit of energy use (constant 2017 PPP $ per kg of oil equivalent),EG.GDP.PUSE.KO.PP.KD,,,,,,,,,,,,,,,,,,,,,,,,,,,,,,,10.67175166,9.734459197,9.483979121,9.882016058,10.98547909,9.579348438,9.789984737,9.339744789,9.326915684,9.426673209,9.643958493,10.70190495,11.37578659,10.08195837,11.05146675,11.48846046,8.440662983,8.255376068,7.374456881,8.434411373,8.126101604,7.05352049,7.197521645,8.868954251,7.401311589,,,,,,,
Bhutan,BTN,GDP per unit of energy use (constant 2017 PPP $ per kg of oil equivalent),EG.GDP.PUSE.KO.PP.KD,,,,,,,,,,,,,,,,,,,,,,,,,,,,,,,27.31597565,,,,,,,,,,,,,,18.33088499,17.35297261,17.95164735,18.37405564,,,,,,,,,,,,,,
Botswana,BWA,GDP per unit of energy use (constant 2017 PPP $ per kg of oil equivalent),EG.GDP.PUSE.KO.PP.KD,,,,,,,,,,,,,,,,,,,,,,,,,,,,,,,10.09152773,10.64736645,9.508865272,9.662097482,10.16123733,10.61934715,11.51920985,11.89294181,10.58237039,11.23820016,11.02580586,10.92538894,11.40826752,11.9746181,12.50625984,12.67098609,13.28597169,13.60021344,13.26952902,12.21388304,12.2880594,13.66496342,12.02844629,12.63641412,12.20271964,,,,,,,
Central African Republic,CAF,GDP per unit of energy use (constant 2017 PPP $ per kg of oil equivalent),EG.GDP.PUSE.KO.PP.KD,,,,,,,,,,,,,,,,,,,,,,,,,,,,,,,,,,,,,,,,,,,,,,,,,,,,,,,,,,,,,,
Canada,CAN,GDP per unit of energy use (constant 2017 PPP $ per kg of oil equivalent),EG.GDP.PUSE.KO.PP.KD,,,,,,,,,,,,,,,,,,,,,,,,,,,,,,,,,,,,,,4.581599014,4.784816792,4.893161947,5.001602815,5.166601912,5.306110677,5.130238442,5.168726972,5.305226131,5.509361058,5.587032746,5.595155259,5.643572323,5.75992474,5.791857456,5.964575008,6.031303767,6.022471343,6.227232817,,,,,,
Central Europe and the Baltics,CEB,GDP per unit of energy use (constant 2017 PPP $ per kg of oil equivalent),EG.GDP.PUSE.KO.PP.KD,,,,,,,,,,,,,,,,,,,,,,,,,,,,,,,4.491755077,4.68550354,4.70909075,4.750592156,5.154402792,5.305417789,5.378108676,5.59705605,6.029698974,6.464736329,6.809418413,6.841510776,7.060815681,7.119430522,7.542796376,7.823940354,8.13320031,8.667316356,9.030161701,9.360595818,9.12033363,9.459901597,9.832918259,10.13324868,10.65907319,,,,,,,
Switzerland,CHE,GDP per unit of energy use (constant 2017 PPP $ per kg of oil equivalent),EG.GDP.PUSE.KO.PP.KD,,,,,,,,,,,,,,,,,,,,,,,,,,,,,,,15.70763125,15.33031682,15.25588173,15.62791512,15.6846943,15.98821763,15.75538859,15.8327378,16.11733869,16.35617054,17.23279784,16.48143065,16.89512262,16.82006176,17.21196887,17.78570989,17.72896287,19.37465893,19.16723031,18.58963436,19.75532494,20.77411211,20.81328153,20.30206529,22.1651912,23.02619332,,,,,,
Channel Islands,CHI,GDP per unit of energy use (constant 2017 PPP $ per kg of oil equivalent),EG.GDP.PUSE.KO.PP.KD,,,,,,,,,,,,,,,,,,,,,,,,,,,,,,,,,,,,,,,,,,,,,,,,,,,,,,,,,,,,,,
Chile,CHL,GDP per unit of energy use (constant 2017 PPP $ per kg of oil equivalent),EG.GDP.PUSE.KO.PP.KD,,,,,,,,,,,,,,,,,,,,,,,,,,,,,,,9.240265109,9.741883721,10.01469977,10.41556731,10.17473161,10.31475878,9.945913382,9.538748172,9.597201191,9.007990338,9.403284529,9.884601441,9.854001432,10.21325558,10.23035402,10.50210102,10.70003062,10.84925578,11.36927603,11.54922439,11.69993128,11.40680951,10.93812082,10.86566159,11.85443053,12.13115375,,,,,,
China,CHN,GDP per unit of energy use (constant 2017 PPP $ per kg of oil equivalent),EG.GDP.PUSE.KO.PP.KD,,,,,,,,,,,,,,,,,,,,,,,,,,,,,,,1.856460259,2.08278689,2.300812209,2.473624181,2.66971714,2.758862808,2.95054999,3.22648779,3.455912573,3.650131438,3.839519402,3.996869545,4.086425581,3.934817743,3.798664815,3.827710302,3.946598202,4.168381043,4.431141196,4.537338368,4.545191338,4.64254785,4.824485568,5.036621381,5.328018576,,,,,,,
Cote d'Ivoire,CIV,GDP per unit of energy use (constant 2017 PPP $ per kg of oil equivalent),EG.GDP.PUSE.KO.PP.KD,,,,,,,,,,,,,,,,,,,,,,,,,,,,,,,11.72301293,11.40021483,10.42729083,10.04930503,9.886701832,10.63111437,10.19616509,10.95684985,11.45307615,9.718127378,10.02789557,10.2023606,9.284419701,9.356934966,6.85093342,6.689398276,6.993995165,6.56963777,6.848936365,7.743027368,7.633473861,6.300730221,6.254130897,6.467774936,6.897937858,,,,,,,
Cameroon,CMR,GDP per unit of energy use (constant 2017 PPP $ per kg of oil equivalent),EG.GDP.PUSE.KO.PP.KD,,,,,,,,,,,,,,,,,,,,,,,,,,,,,,,7.993542687,7.615221168,7.299774536,6.495803134,6.395793719,6.467889388,6.578032631,6.685492885,6.805237522,7.057501701,7.027160667,7.245498629,7.394716235,7.493431314,7.77927998,7.905613602,8.611460277,9.527331667,9.713633622,9.216469689,9.411807162,10.09579337,10.24251386,10.23371864,10.35432363,,,,,,,
"Congo, Dem. Rep.",COD,GDP per unit of energy use (constant 2017 PPP $ per kg of oil equivalent),EG.GDP.PUSE.KO.PP.KD,,,,,,,,,,,,,,,,,,,,,,,,,,,,,,,5.338405339,4.882948345,4.291759736,3.640834802,3.486253391,3.367860623,3.223838424,2.990193821,2.871328535,2.737502377,2.545718662,2.411288425,2.399012939,2.441764214,2.506379268,2.561080085,2.598918808,2.664617719,2.729731812,2.725867066,2.815965642,2.833822932,2.445885721,2.524749849,2.645020158,,,,,,,
"Congo, Rep.",COG,GDP per unit of energy use (constant 2017 PPP $ per kg of oil equivalent),EG.GDP.PUSE.KO.PP.KD,,,,,,,,,,,,,,,,,,,,,,,,,,,,,,,15.17185504,14.8785731,15.45472873,15.20853755,16.66558659,15.17837001,16.79831393,17.44479184,18.08102552,17.89255984,19.38399646,17.9496979,18.63596879,15.91993092,15.51341967,15.45062401,12.78229564,13.43961227,13.35170029,13.05371302,13.17431556,10.11266931,9.701376279,9.389454321,10.00856149,,,,,,,
Colombia,COL,GDP per unit of energy use (constant 2017 PPP $ per kg of oil equivalent),EG.GDP.PUSE.KO.PP.KD,,,,,,,,,,,,,,,,,,,,,,,,,,,,,,,11.35267756,11.45500086,11.65225397,11.73911441,11.99810991,12.40539918,12.35904564,13.17460879,12.65208519,13.55280391,13.88266557,14.17386952,14.81895289,15.08265773,15.72503579,15.82399215,16.06692552,17.25657983,17.02386186,16.60900317,17.07774884,18.23568533,18.77295751,18.49987717,19.13107394,,,,,,,
Comoros,COM,GDP per unit of energy use (constant 2017 PPP $ per kg of oil equivalent),EG.GDP.PUSE.KO.PP.KD,,,,,,,,,,,,,,,,,,,,,,,,,,,,,,,70.60303281,,,,,,,,,,,,,,49.25394233,46.54466437,42.08898081,43.4604839,,,,,,,,,,,,,,
Cabo Verde,CPV,GDP per unit of energy use (constant 2017 PPP $ per kg of oil equivalent),EG.GDP.PUSE.KO.PP.KD,,,,,,,,,,,,,,,,,,,,,,,,,,,,,,,20.34525883,,,,,,,,,,,,,,24.15995366,23.22090936,24.33731444,27.75732187,,,,,,,,,,,,,,
Costa Rica,CRI,GDP per unit of energy use (constant 2017 PPP $ per kg of oil equivalent),EG.GDP.PUSE.KO.PP.KD,,,,,,,,,,,,,,,,,,,,,,,,,,,,,,,18.47120159,17.80239512,15.05664602,15.80313094,16.76471652,17.11143999,17.26905313,17.98624289,19.38472074,18.31969022,17.40726071,17.90798171,17.6036347,17.1093578,15.08109424,15.68599091,15.55944162,15.62110997,16.08510605,16.03184023,16.58147698,17.27849852,17.82595406,17.85342312,18.24917898,,,,,,,
Caribbean small states,CSS,GDP per unit of energy use (constant 2017 PPP $ per kg of oil equivalent),EG.GDP.PUSE.KO.PP.KD,,,,,,,,,,,,,,,,,,,,,,,,,,,,,,,5.394799954,,,,,,,,,,3.677808992,3.487885121,3.5314392,3.487202809,4.770753463,4.457308487,4.319613893,4.271529182,3.364914934,3.290753963,3.198540891,3.260829728,3.448636607,3.480766882,3.566918994,,,,,,,
Cuba,CUB,GDP per unit of energy use (constant 2017 PPP $ per kg of oil equivalent),EG.GDP.PUSE.KO.PP.KD,,,,,,,,,,,,,,,,,,,,,,,,,,,,,,,,,,,,,,,,,,,,,,,,,,,,,,,,,,,,,,
Curacao,CUW,GDP per unit of energy use (constant 2017 PPP $ per kg of oil equivalent),EG.GDP.PUSE.KO.PP.KD,,,,,,,,,,,,,,,,,,,,,,,,,,,,,,,,,,,,,,,,,1.820209848,1.734397932,1.773717226,1.86524222,1.767435821,1.849094041,1.906781023,1.721847183,1.839095281,1.784614235,2.007828521,1.699781237,2.020239381,2.263021808,2.044902955,,,,,,,
Cayman Islands,CYM,GDP per unit of energy use (constant 2017 PPP $ per kg of oil equivalent),EG.GDP.PUSE.KO.PP.KD,,,,,,,,,,,,,,,,,,,,,,,,,,,,,,,,,,,,,,,,,,,,,,,,,,,,,,,,,,,,,,
Cyprus,CYP,GDP per unit of energy use (constant 2017 PPP $ per kg of oil equivalent),EG.GDP.PUSE.KO.PP.KD,,,,,,,,,,,,,,,,,,,,,,,,,,,,,,,10.71878327,10.58106562,10.28301099,9.644590311,8.938461221,10.99520099,10.0124151,10.48814218,10.3984191,10.86072008,10.69935081,11.24167113,11.50288712,10.85009572,12.16531921,12.55340649,12.63793436,12.57480384,12.30114247,12.33027372,13.03940959,13.50566341,13.86762763,14.94081715,14.36121801,,,,,,,
Czechia,CZE,GDP per unit of energy use (constant 2017 PPP $ per kg of oil equivalent),EG.GDP.PUSE.KO.PP.KD,,,,,,,,,,,,,,,,,,,,,,,,,,,,,,,4.916712389,4.804494081,4.9186971,5.076542041,5.388498688,5.661617291,5.720522893,5.653517978,5.815860474,6.330712776,6.262854874,6.283740334,6.314384818,6.251085537,6.399235753,6.904178182,7.203094012,7.598242838,7.984931307,8.12507964,7.900885662,8.3392741,8.309667824,8.436476405,8.783067002,9.370049425,,,,,,
Germany,DEU,GDP per unit of energy use (constant 2017 PPP $ per kg of oil equivalent),EG.GDP.PUSE.KO.PP.KD,,,,,,,,,,,,,,,,,,,,,,,,,,,,,,,8.300487654,8.899633614,9.242444345,9.242794765,9.509290478,9.555597312,9.317816283,9.568267309,9.820379739,10.23786629,10.48547837,10.35124639,10.56793259,10.54950141,10.59823678,10.7547416,10.863694,11.8170677,11.80213522,11.8835174,11.75839532,12.85795532,12.86384191,12.68023833,13.45311265,13.40108324,,,,,,
Djibouti,DJI,GDP per unit of energy use (constant 2017 PPP $ per kg of oil equivalent),EG.GDP.PUSE.KO.PP.KD,,,,,,,,,,,,,,,,,,,,,,,,,,,,,,,,,,,,,,,,,,,,,,,,,,,,,,,,,,,,,,
Dominica,DMA,GDP per unit of energy use (constant 2017 PPP $ per kg of oil equivalent),EG.GDP.PUSE.KO.PP.KD,,,,,,,,,,,,,,,,,,,,,,,,,,,,,,,25.7812568,,,,,,,,,,,,,,18.21120343,17.43646609,17.8144126,18.50554901,,,,,,,,,,,,,,
Denmark,DNK,GDP per unit of energy use (constant 2017 PPP $ per kg of oil equivalent),EG.GDP.PUSE.KO.PP.KD,,,,,,,,,,,,,,,,,,,,,,,,,,,,,,,11.55773859,10.56793627,11.26056329,10.96683283,11.1604379,11.60565808,10.55413086,11.76151356,12.22031339,13.12874312,14.0150172,13.70921599,13.91896316,13.2148166,14.02394107,14.76167068,14.30253292,14.78746615,15.1313215,15.05283055,14.47688786,15.87932519,16.56637811,16.47158496,18.11906106,18.77880157,,,,,,
Dominican Republic,DOM,GDP per unit of energy use (constant 2017 PPP $ per kg of oil equivalent),EG.GDP.PUSE.KO.PP.KD,,,,,,,,,,,,,,,,,,,,,,,,,,,,,,,11.02176856,11.03769998,11.06998864,12.26268425,10.95361462,11.02216707,11.19144957,10.92040536,11.02694746,11.23121751,10.93826215,11.55589031,11.37903795,11.86074399,13.45107318,13.53956133,14.27756492,15.07915542,15.51974283,15.96432498,16.45762334,16.66645647,16.21271854,18.03663686,19.28667857,,,,,,,
Algeria,DZA,GDP per unit of energy use (constant 2017 PPP $ per kg of oil equivalent),EG.GDP.PUSE.KO.PP.KD,,,,,,,,,,,,,,,,,,,,,,,,,,,,,,,10.15527727,9.485440981,9.433359667,9.202448468,9.461264401,9.412542864,10.11963271,9.984119681,10.13923275,9.802201498,10.01649765,10.29602609,10.16453084,10.25296483,10.5625976,10.74165342,10.20177793,9.940581329,10.06040902,9.346176204,9.846099028,9.712266856,9.13630529,9.073449653,8.672227888,,,,,,,
East Asia & Pacific (excluding high income),EAP,GDP per unit of energy use (constant 2017 PPP $ per kg of oil equivalent),EG.GDP.PUSE.KO.PP.KD,,,,,,,,,,,,,,,,,,,,,,,,,,,,,,,3.171997021,3.434586657,3.64352109,3.786488931,4.003778626,4.076394819,4.283239415,4.51885267,4.545655181,4.693543166,4.842528592,4.974650447,5.030065055,4.881883228,4.724280189,4.736834413,4.84377881,5.042689628,5.283136997,5.33934195,5.331147989,5.445210165,5.629900618,5.820503183,6.013486834,,,,,,,
Early-demographic dividend,EAR,GDP per unit of energy use (constant 2017 PPP $ per kg of oil equivalent),EG.GDP.PUSE.KO.PP.KD,,,,,,,,,,,,,,,,,,,,,,,,,,,,,,,7.44169729,7.449378975,7.565476427,7.532064393,7.535986479,7.482115706,7.711883784,7.763843725,7.720444156,7.618797391,7.790149176,7.763417108,7.731402559,7.927167513,8.034483529,8.195627433,8.319078683,8.484127208,8.439143002,8.266720129,8.507937022,8.757793051,8.755137207,9.041855535,9.119645366,,,,,,,
East Asia & Pacific,EAS,GDP per unit of energy use (constant 2017 PPP $ per kg of oil equivalent),EG.GDP.PUSE.KO.PP.KD,,,,,,,,,,,,,,,,,,,,,,,,,,,,,,,5.189491659,5.445777178,5.511177858,5.506081624,5.583015517,5.60422809,5.740263115,5.882591692,5.908638343,5.976214483,6.088668576,6.177596855,6.200824413,6.067855113,5.906195232,5.938839591,6.00621032,6.153836803,6.332492329,6.301057382,6.254268987,6.377342421,6.554298667,6.725367267,6.921692403,,,,,,,
Europe & Central Asia (excluding high income),ECA,GDP per unit of energy use (constant 2017 PPP $ per kg of oil equivalent),EG.GDP.PUSE.KO.PP.KD,,,,,,,,,,,,,,,,,,,,,,,,,,,,,,,3.738948587,3.587465349,3.51408015,3.508773554,3.490224462,3.498747522,3.534952402,3.75818282,3.749519331,3.801088127,4.051157977,4.169263837,4.344342769,4.47211589,4.780408882,5.100115782,5.331372575,5.670256641,5.821010525,5.882581115,5.78882636,5.858367777,5.992711819,6.317738824,6.629814785,,,,,,,
Europe & Central Asia,ECS,GDP per unit of energy use (constant 2017 PPP $ per kg of oil equivalent),EG.GDP.PUSE.KO.PP.KD,,,,,,,,,,,,,,,,,,,,,,,,,,,,,,,6.387870218,6.350390118,6.526762441,6.614724067,6.933909019,6.965617985,6.970773543,7.303674227,7.465119037,7.676251279,7.9594336,8.02295304,8.166501642,8.133279665,8.351736967,8.591697895,8.836063982,9.259610196,9.350360816,9.498112031,9.295061483,9.619202729,9.66352349,9.885387773,10.49283527,,,,,,,
Ecuador,ECU,GDP per unit of energy use (constant 2017 PPP $ per kg of oil equivalent),EG.GDP.PUSE.KO.PP.KD,,,,,,,,,,,,,,,,,,,,,,,,,,,,,,,13.40478882,13.30090118,13.41478041,14.67238612,14.29408263,12.48129627,12.05534942,12.11492423,12.17566856,12.89072069,11.76139831,11.52846221,12.2972344,12.44695964,13.94658884,14.07188832,14.62646608,13.2117945,15.25303075,12.8779139,13.18913717,13.4350463,14.37650462,14.00342433,13.58711678,,,,,,,
"Egypt, Arab Rep.",EGY,GDP per unit of energy use (constant 2017 PPP $ per kg of oil equivalent),EG.GDP.PUSE.KO.PP.KD,,,,,,,,,,,,,,,,,,,,,,,,,,,,,,,10.5942158,10.70744692,10.90153108,10.81800302,11.6916246,11.50450329,11.3798563,11.52668079,11.35720724,11.78162077,13.13403149,12.10867096,12.01885321,11.94725006,11.5050306,10.31577455,10.43109593,10.4284764,10.75755347,11.00510956,11.79643677,11.43876536,11.37506644,12.12566536,12.51202883,,,,,,,
Euro area,EMU,GDP per unit of energy use (constant 2017 PPP $ per kg of oil equivalent),EG.GDP.PUSE.KO.PP.KD,,,,,,,,,,,,,,,,,,,,,,,,,,,,,,,9.686483946,9.747967612,9.878586613,9.842504016,10.09036993,9.877943369,9.725851388,10.00506641,10.1345589,10.43972884,10.70312395,10.65883568,10.75895075,10.61736965,10.70738062,10.86494659,11.19112456,11.72309279,11.79770299,11.92215049,11.75752867,12.45302108,12.45475727,12.52675785,13.1956378,13.25836863,,,,,,
Eritrea,ERI,GDP per unit of energy use (constant 2017 PPP $ per kg of oil equivalent),EG.GDP.PUSE.KO.PP.KD,,,,,,,,,,,,,,,,,,,,,,,,,,,,,,,,,,,,,,,,,,,,,,,,,,,,,,,,,,,,,,
Spain,ESP,GDP per unit of energy use (constant 2017 PPP $ per kg of oil equivalent),EG.GDP.PUSE.KO.PP.KD,,,,,,,,,,,,,,,,,,,,,,,,,,,,,,,11.87861452,11.7434877,11.63620085,12.00692695,11.64691603,11.44074224,11.92058446,11.63129432,11.55876953,11.52003795,11.56485122,11.71380894,11.6855376,11.63355268,11.49568321,11.66944733,12.15892483,12.42081014,12.95899081,13.56556528,13.59830092,13.70550908,13.322628,14.07723706,14.59216862,14.53480937,,,,,,
Estonia,EST,GDP per unit of energy use (constant 2017 PPP $ per kg of oil equivalent),EG.GDP.PUSE.KO.PP.KD,,,,,,,,,,,,,,,,,,,,,,,,,,,,,,,,,,,,3.512473251,3.353350534,3.86541272,4.420044803,4.682838639,5.26422004,5.351416778,5.96174374,5.805545204,6.084959301,6.784795189,7.633020537,7.338162788,7.215286346,6.94363446,6.160872718,6.604984685,6.946485212,6.386185681,6.639809048,7.43742528,,,,,,
Ethiopia,ETH,GDP per unit of energy use (constant 2017 PPP $ per kg of oil equivalent),EG.GDP.PUSE.KO.PP.KD,,,,,,,,,,,,,,,,,,,,,,,,,,,,,,,1.601605803,1.437990974,1.282038797,1.392295748,1.383028293,1.415368609,1.538818138,1.542860881,1.44521962,1.47835027,1.520955066,1.587480956,1.565055963,1.484021923,1.636493892,1.785763303,1.92109322,2.076073978,2.232511993,2.363120451,2.586907039,2.782106015,2.938255568,3.139679226,3.359426776,,,,,,,
European Union,EUU,GDP per unit of energy use (constant 2017 PPP $ per kg of oil equivalent),EG.GDP.PUSE.KO.PP.KD,,,,,,,,,,,,,,,,,,,,,,,,,,,,,,,8.645096661,8.711673701,8.895053255,8.856958162,9.140526426,9.006147732,8.890132142,9.183867043,9.409160926,9.775069134,10.08866249,10.0492778,10.16031583,10.05253011,10.2033715,10.38401686,10.69171282,11.20822112,11.33737808,11.51961721,11.30790431,11.9296611,11.99897628,12.12560433,12.76729535,12.89588083,,,,,,
Fragile and conflict affected situations,FCS,GDP per unit of energy use (constant 2017 PPP $ per kg of oil equivalent),EG.GDP.PUSE.KO.PP.KD,,,,,,,,,,,,,,,,,,,,,,,,,,,,,,,3.873876594,3.503186492,3.558692268,3.478636162,3.325386137,3.202361293,3.292781135,3.364302107,3.684293911,4.023616638,4.207924925,4.295501252,4.426983427,4.346606645,4.806615553,4.986873957,5.347183959,5.618081797,5.815523141,5.943075229,5.829564,5.852066215,5.976888252,6.107924123,6.286993169,,,,,,,
Finland,FIN,GDP per unit of energy use (constant 2017 PPP $ per kg of oil equivalent),EG.GDP.PUSE.KO.PP.KD,,,,,,,,,,,,,,,,,,,,,,,,,,,,,,,5.787397225,5.368756265,5.509901903,5.217942539,5.080041546,5.563465305,5.361923876,5.497377321,5.743237191,6.014530366,6.37064369,6.371038749,6.158656147,5.958532525,6.128361539,6.825168757,6.526031318,6.977058926,7.319946108,7.125073187,6.717837753,7.162499647,7.322167531,7.411198626,7.238723109,7.607573255,,,,,,
Fiji,FJI,GDP per unit of energy use (constant 2017 PPP $ per kg of oil equivalent),EG.GDP.PUSE.KO.PP.KD,,,,,,,,,,,,,,,,,,,,,,,,,,,,,,,21.54431198,,,,,,,,,,,,,,13.05449018,15.14731925,15.95230462,16.87305832,,,,,,,,,,,,,,
France,FRA,GDP per unit of energy use (constant 2017 PPP $ per kg of oil equivalent),EG.GDP.PUSE.KO.PP.KD,,,,,,,,,,,,,,,,,,,,,,,,,,,,,,,8.769248877,8.383972319,8.666796638,8.472441492,9.013434776,8.835605944,8.480265138,8.952482438,9.01175253,9.335442027,9.607664669,9.473994715,9.558379166,9.467095445,9.59441132,9.713660631,10.11438415,10.4791465,10.45987361,10.61631202,10.49272239,11.14198454,11.15310561,11.1688767,11.75740978,11.74040549,,,,,,
Faroe Islands,FRO,GDP per unit of energy use (constant 2017 PPP $ per kg of oil equivalent),EG.GDP.PUSE.KO.PP.KD,,,,,,,,,,,,,,,,,,,,,,,,,,,,,,,,,,,,,,,,,,,,,,,,,,,,,,,,,,,,,,
"Micronesia, Fed. Sts.",FSM,GDP per unit of energy use (constant 2017 PPP $ per kg of oil equivalent),EG.GDP.PUSE.KO.PP.KD,,,,,,,,,,,,,,,,,,,,,,,,,,,,,,,,,,,,,,,,,,,,,,,,,,,,,,,,,,,,,,
Gabon,GAB,GDP per unit of energy use (constant 2017 PPP $ per kg of oil equivalent),EG.GDP.PUSE.KO.PP.KD,,,,,,,,,,,,,,,,,,,,,,,,,,,,,,,14.6105651,15.01379037,13.61134622,13.37222645,15.64574502,14.9772174,14.90477541,15.56796515,15.14429763,14.16870591,13.83797358,13.16620697,10.87967863,9.462311793,8.209536268,7.296589929,6.304867695,6.000699731,5.279713769,4.832449303,4.606946711,6.126850114,7.277011697,5.26523376,5.729801247,,,,,,,
United Kingdom,GBR,GDP per unit of energy use (constant 2017 PPP $ per kg of oil equivalent),EG.GDP.PUSE.KO.PP.KD,,,,,,,,,,,,,,,,,,,,,,,,,,,,,,,8.767693967,8.385664637,8.449489861,8.57291283,8.833991441,9.042328311,8.834014384,9.487303418,9.690351235,9.957176717,10.32314191,10.50762503,10.93469733,11.0862333,11.3952195,11.6448187,12.09655847,12.87260046,13.05412298,13.22245497,13.08432649,14.26210069,14.0345432,14.45662865,15.93160791,16.25902149,,,,,,
Georgia,GEO,GDP per unit of energy use (constant 2017 PPP $ per kg of oil equivalent),EG.GDP.PUSE.KO.PP.KD,,,,,,,,,,,,,,,,,,,,,,,,,,,,,,,4.307283988,4.196281953,2.684648188,2.161414112,3.143352607,4.055611667,4.484865208,5.647722781,6.298913002,7.077840782,6.990307565,8.177749002,8.71513045,9.101642134,9.36855936,10.04999602,10.30391066,10.524461,11.98716715,11.21018208,11.80864023,11.17221136,11.36691172,11.19873064,10.38289296,,,,,,,
Ghana,GHA,GDP per unit of energy use (constant 2017 PPP $ per kg of oil equivalent),EG.GDP.PUSE.KO.PP.KD,,,,,,,,,,,,,,,,,,,,,,,,,,,,,,,6.713713381,6.830695705,6.850972083,6.855519933,6.805796366,6.769662605,6.844806823,6.824628744,6.760319418,6.795585514,8.62325458,8.911002079,9.368597526,10.4162129,11.00597731,11.75827008,11.7431711,12.25262886,13.37288801,12.94584354,12.80783037,13.6840275,13.81881791,14.17392885,14.44772499,,,,,,,
Gibraltar,GIB,GDP per unit of energy use (constant 2017 PPP $ per kg of oil equivalent),EG.GDP.PUSE.KO.PP.KD,,,,,,,,,,,,,,,,,,,,,,,,,,,,,,,,,,,,,,,,,,,,,,,,,,,,,,,,,,,,,,
Guinea,GIN,GDP per unit of energy use (constant 2017 PPP $ per kg of oil equivalent),EG.GDP.PUSE.KO.PP.KD,,,,,,,,,,,,,,,,,,,,,,,,,,,,,,,,,,,,,,,,,,,,,,,,,,,,,,,,,,,,,,
"Gambia, The",GMB,GDP per unit of energy use (constant 2017 PPP $ per kg of oil equivalent),EG.GDP.PUSE.KO.PP.KD,,,,,,,,,,,,,,,,,,,,,,,,,,,,,,,35.03144851,,,,,,,,,,,,,,32.44094311,31.67801993,29.84402167,26.35907118,,,,,,,,,,,,,,
Guinea-Bissau,GNB,GDP per unit of energy use (constant 2017 PPP $ per kg of oil equivalent),EG.GDP.PUSE.KO.PP.KD,,,,,,,,,,,,,,,,,,,,,,,,,,,,,,,26.06462828,,,,,,,,,,,,,,25.16372797,25.93566006,25.65012039,25.09301595,,,,,,,,,,,,,,
Equatorial Guinea,GNQ,GDP per unit of energy use (constant 2017 PPP $ per kg of oil equivalent),EG.GDP.PUSE.KO.PP.KD,,,,,,,,,,,,,,,,,,,,,,,,,,,,,,,,,,,,,,,,,,,,,27.28940143,19.43741908,17.39712921,17.13691575,,,,,,,,,,,,,,
Greece,GRC,GDP per unit of energy use (constant 2017 PPP $ per kg of oil equivalent),EG.GDP.PUSE.KO.PP.KD,,,,,,,,,,,,,,,,,,,,,,,,,,,,,,,11.53902129,11.79999222,11.59687975,11.5567278,11.46849227,11.60649506,11.5684848,11.62703845,11.47196607,11.77776894,11.62266622,11.70632797,12.02941697,12.36899503,12.74768011,12.59336732,13.31570374,13.75613149,13.62020092,13.47038102,13.57442253,12.59194032,11.78520886,13.0689717,13.24449798,12.95117595,,,,,,
Grenada,GRD,GDP per unit of energy use (constant 2017 PPP $ per kg of oil equivalent),EG.GDP.PUSE.KO.PP.KD,,,,,,,,,,,,,,,,,,,,,,,,,,,,,,,19.98901312,,,,,,,,,,,,,,17.7877913,18.8740578,17.67257039,18.75474157,,,,,,,,,,,,,,
Greenland,GRL,GDP per unit of energy use (constant 2017 PPP $ per kg of oil equivalent),EG.GDP.PUSE.KO.PP.KD,,,,,,,,,,,,,,,,,,,,,,,,,,,,,,,,,,,,,,,,,,,,,,,,,,,,,,,,,,,,,,
Guatemala,GTM,GDP per unit of energy use (constant 2017 PPP $ per kg of oil equivalent),EG.GDP.PUSE.KO.PP.KD,,,,,,,,,,,,,,,,,,,,,,,,,,,,,,,11.40941416,11.50188937,11.43258244,11.9209759,11.76870716,11.66469014,11.68435741,11.653882,11.25154035,10.63697232,10.69947508,10.72428211,11.04660081,10.89856019,10.91435189,11.21155414,11.62968831,11.5097824,12.40529534,10.85906059,10.2614129,9.996781102,10.13391731,9.659771592,9.19367761,,,,,,,
Guam,GUM,GDP per unit of energy use (constant 2017 PPP $ per kg of oil equivalent),EG.GDP.PUSE.KO.PP.KD,,,,,,,,,,,,,,,,,,,,,,,,,,,,,,,,,,,,,,,,,,,,,,,,,,,,,,,,,,,,,,
Guyana,GUY,GDP per unit of energy use (constant 2017 PPP $ per kg of oil equivalent),EG.GDP.PUSE.KO.PP.KD,,,,,,,,,,,,,,,,,,,,,,,,,,,,,,,9.421690133,,,,,,,,,,,,,,12.65483776,12.00688228,12.49656055,13.39521774,,,,,,,,,,,,,,
High income,HIC,GDP per unit of energy use (constant 2017 PPP $ per kg of oil equivalent),EG.GDP.PUSE.KO.PP.KD,,,,,,,,,,,,,,,,,,,,,,,,,,,,,,,7.212065319,7.218709503,7.271709076,7.248574922,7.351505156,7.397543408,7.39502658,7.447940655,7.617261293,7.734659534,7.873240113,7.976421964,8.029129784,8.107668046,8.217992906,8.427440574,8.663663312,8.847540294,8.973975523,9.051957019,8.983420516,9.356636542,9.510479093,9.622221943,9.842452516,10.23173353,,,,,,
"Hong Kong SAR, China",HKG,GDP per unit of energy use (constant 2017 PPP $ per kg of oil equivalent),EG.GDP.PUSE.KO.PP.KD,,,,,,,,,,,,,,,,,,,,,,,,,,,,,,,19.06331527,19.42470314,17.36837435,18.60539362,19.54003722,20.085805,21.24777056,23.2173138,16.73705727,13.99324933,17.81033642,17.18352991,18.82310786,18.85586386,21.82233978,23.68640086,24.03757501,23.82339191,24.81567006,22.99499072,26.38374075,25.61876994,26.96321427,28.4125505,28.60111552,,,,,,,
Honduras,HND,GDP per unit of energy use (constant 2017 PPP $ per kg of oil equivalent),EG.GDP.PUSE.KO.PP.KD,,,,,,,,,,,,,,,,,,,,,,,,,,,,,,,8.308962318,7.963439571,8.099388908,8.43935851,8.146876947,8.136975184,8.255904145,7.905462169,7.627456033,8.611637868,9.03159119,8.602602263,8.578556301,8.250635968,8.131752212,8.250738037,9.048782901,8.182510948,8.599001405,8.756123223,8.869500081,8.306656427,8.541064787,8.652933488,8.658895863,,,,,,,
Heavily indebted poor countries (HIPC),HPC,GDP per unit of energy use (constant 2017 PPP $ per kg of oil equivalent),EG.GDP.PUSE.KO.PP.KD,,,,,,,,,,,,,,,,,,,,,,,,,,,,,,,,,,,,,,,,,5.161672137,5.230070528,5.178500177,5.260384672,5.359833609,5.446107198,5.54547896,5.735385947,5.840841164,5.818791884,5.927441146,5.898340009,5.716437366,5.839086153,,,,,,,,
Croatia,HRV,GDP per unit of energy use (constant 2017 PPP $ per kg of oil equivalent),EG.GDP.PUSE.KO.PP.KD,,,,,,,,,,,,,,,,,,,,,,,,,,,,,,,,,,,,8.906288316,9.167849798,9.20379719,9.11594733,9.158034785,9.785231331,9.716838803,9.989326527,9.829559331,10.24233263,10.52099213,11.09684941,11.2054826,11.7238328,11.2520098,11.24993227,11.51624915,11.95037331,12.15794491,12.70613745,,,,,,,
Haiti,HTI,GDP per unit of energy use (constant 2017 PPP $ per kg of oil equivalent),EG.GDP.PUSE.KO.PP.KD,,,,,,,,,,,,,,,,,,,,,,,,,,,,,,,15.97218234,16.29430731,14.85783552,14.5411862,13.93869335,12.99551406,11.79007205,11.4918251,11.73383235,11.89350936,12.39371495,12.08871513,10.865721,11.70636267,11.19969611,7.753435857,7.663287754,7.657932555,7.761604636,8.101495045,7.602137978,7.71865569,7.48625144,7.760746006,7.790316574,,,,,,,
Hungary,HUN,GDP per unit of energy use (constant 2017 PPP $ per kg of oil equivalent),EG.GDP.PUSE.KO.PP.KD,,,,,,,,,,,,,,,,,,,,,,,,,,,,,,,,6.216489752,6.575039103,6.390939023,6.792957411,6.637892976,6.474003049,6.811872021,7.165176858,7.440340418,7.929358912,8.05892081,8.439970505,8.603999269,9.057839954,8.939666001,9.367909589,9.603918185,9.796167126,9.750313189,9.528244973,10.00082912,10.49247631,11.1523662,11.44143725,11.31570674,,,,,,
IBRD only,IBD,GDP per unit of energy use (constant 2017 PPP $ per kg of oil equivalent),EG.GDP.PUSE.KO.PP.KD,,,,,,,,,,,,,,,,,,,,,,,,,,,,,,,4.787678788,4.817522512,4.925828038,5.017301348,5.201112091,5.217337882,5.391679476,5.598327036,5.720381053,5.81889948,6.021441459,6.088597475,6.155310667,6.100782967,6.115193985,6.188288192,6.318649946,6.526816571,6.662711756,6.642748508,6.650601766,6.732024344,6.847645959,7.03129148,7.196338651,,,,,,,
IDA & IBRD total,IBT,GDP per unit of energy use (constant 2017 PPP $ per kg of oil equivalent),EG.GDP.PUSE.KO.PP.KD,,,,,,,,,,,,,,,,,,,,,,,,,,,,,,,4.820491899,4.841289955,4.944225724,5.022565671,5.191436579,5.213553808,5.377695815,5.571440774,5.680158173,5.766996651,5.96526824,6.033918146,6.104707042,6.067578874,6.104012831,6.190309903,6.327159368,6.533670996,6.668427293,6.671995257,6.6882557,6.764915705,6.872116372,7.064038506,7.25990301,,,,,,,
IDA total,IDA,GDP per unit of energy use (constant 2017 PPP $ per kg of oil equivalent),EG.GDP.PUSE.KO.PP.KD,,,,,,,,,,,,,,,,,,,,,,,,,,,,,,,5.201301092,5.111319858,5.147075054,5.07987698,5.088428097,5.172688942,5.22940925,5.291030549,5.276029365,5.250429186,5.403733073,5.490255204,5.600536605,5.723672983,5.984619692,6.212618597,6.423732092,6.612907999,6.735413306,7.021743161,7.153907124,7.172032914,7.172942498,7.468648861,8.125955213,,,,,,,
IDA blend,IDB,GDP per unit of energy use (constant 2017 PPP $ per kg of oil equivalent),EG.GDP.PUSE.KO.PP.KD,,,,,,,,,,,,,,,,,,,,,,,,,,,,,,,5.016286867,4.897865136,4.968897446,4.814812165,4.872969174,4.9690906,4.994757276,4.972318977,4.93426505,4.86449684,4.955926042,5.040803247,5.230098902,5.361842079,5.643663866,5.894336297,6.101764606,6.276433884,6.370115995,6.813302289,6.92337338,6.911649331,6.979355138,7.378340234,8.438826936,,,,,,,
Indonesia,IDN,GDP per unit of energy use (constant 2017 PPP $ per kg of oil equivalent),EG.GDP.PUSE.KO.PP.KD,,,,,,,,,,,,,,,,,,,,,,,,,,,,,,,8.345951687,8.495337894,8.679230108,8.415181933,9.037719932,8.867766817,9.226407317,9.3459496,8.300640882,7.986675358,7.730882515,7.828606795,7.887982795,8.24165287,8.120079666,8.433015731,8.69247372,9.287766044,9.655269416,9.345493751,9.448139644,10.41338895,10.64223132,10.94788688,11.08827671,,,,,,,
IDA only,IDX,GDP per unit of energy use (constant 2017 PPP $ per kg of oil equivalent),EG.GDP.PUSE.KO.PP.KD,,,,,,,,,,,,,,,,,,,,,,,,,,,,,,,5.461388608,5.422503616,5.410580531,5.481020443,5.406431371,5.459531729,5.563037866,5.742855707,5.761962946,5.802295533,6.047341351,6.130764345,6.120538596,6.231250417,6.456670702,6.6464229,6.857882897,7.062860825,7.216630889,7.284296402,7.443784669,7.500020137,7.412974451,7.57593835,7.815730246,,,,,,,
Isle of Man,IMN,GDP per unit of energy use (constant 2017 PPP $ per kg of oil equivalent),EG.GDP.PUSE.KO.PP.KD,,,,,,,,,,,,,,,,,,,,,,,,,,,,,,,,,,,,,,,,,,,,,,,,,,,,,,,,,,,,,,
India,IND,GDP per unit of energy use (constant 2017 PPP $ per kg of oil equivalent),EG.GDP.PUSE.KO.PP.KD,,,,,,,,,,,,,,,,,,,,,,,,,,,,,,,5.179267454,5.023696976,5.112314212,5.230003363,5.372003515,5.464943643,5.702984032,5.70751785,5.918437088,6.090932053,6.179411029,6.385968724,6.436510284,6.780065342,6.947687063,7.215531891,7.407900079,7.548873033,7.417049499,7.264351458,7.540201001,7.612336797,7.649386983,7.954060715,8.03778746,,,,,,,
Not classified,INX,GDP per unit of energy use (constant 2017 PPP $ per kg of oil equivalent),EG.GDP.PUSE.KO.PP.KD,,,,,,,,,,,,,,,,,,,,,,,,,,,,,,,,,,,,,,,,,,,,,,,,,,,,,,,,,,,,,,
Ireland,IRL,GDP per unit of energy use (constant 2017 PPP $ per kg of oil equivalent),EG.GDP.PUSE.KO.PP.KD,,,,,,,,,,,,,,,,,,,,,,,,,,,,,,,9.468926225,9.571083127,10.01010703,10.08845892,10.16508547,11.04875553,11.12814516,11.73107548,12.02822964,12.67539948,13.37296073,13.53622457,14.29616322,15.09181839,15.63309256,16.42547458,17.17568443,17.61413149,17.09607663,16.79688648,16.9736211,18.74529184,18.74552566,19.11209223,21.1658778,25.35246474,,,,,,
"Iran, Islamic Rep.",IRN,GDP per unit of energy use (constant 2017 PPP $ per kg of oil equivalent),EG.GDP.PUSE.KO.PP.KD,,,,,,,,,,,,,,,,,,,,,,,,,,,,,,,7.598804487,7.726256491,7.581837468,6.938305223,6.143530082,6.010891436,6.627357292,6.001796868,6.015955532,5.409448859,5.874535746,5.544083053,5.793156531,6.090121449,5.826641476,5.417686657,5.44286142,5.563763614,5.204809854,5.267341866,5.57122571,5.607949527,5.187753218,5.011327818,4.903611094,,,,,,,
Iraq,IRQ,GDP per unit of energy use (constant 2017 PPP $ per kg of oil equivalent),EG.GDP.PUSE.KO.PP.KD,,,,,,,,,,,,,,,,,,,,,,,,,,,,,,,6.563048139,2.964086165,2.645161638,2.64781392,2.427028184,2.580138657,2.861042029,2.915202327,5.510540812,8.384454773,8.328551162,7.580930664,7.318573304,5.045023989,7.519111847,7.54962055,8.45294444,8.463838944,8.456708287,7.294548493,6.816464405,6.700367684,6.831439052,6.832247904,6.828463757,,,,,,,
Iceland,ISL,GDP per unit of energy use (constant 2017 PPP $ per kg of oil equivalent),EG.GDP.PUSE.KO.PP.KD,,,,,,,,,,,,,,,,,,,,,,,,,,,,,,,,,,,,4.077897631,3.957397062,4.279182418,4.317686215,3.995080676,3.744338848,4.02540811,3.932061537,4.015845409,4.375774123,4.570566433,3.923105282,3.582456114,3.240796401,2.883964298,2.787825756,2.653774306,2.747592667,2.759836334,2.815941199,2.983194227,,,,,,
Israel,ISR,GDP per unit of energy use (constant 2017 PPP $ per kg of oil equivalent),EG.GDP.PUSE.KO.PP.KD,,,,,,,,,,,,,,,,,,,,,,,,,,,,,,,,,,,,9.537274587,9.824348046,9.669267215,9.823920253,10.43080448,10.42408957,9.962325099,10.12810541,9.789717809,10.53301904,11.42688689,10.94478296,11.33883165,10.65235777,11.42454642,11.19690412,11.84554809,11.58925605,12.69516743,13.44593698,13.43509431,,,,,,
Italy,ITA,GDP per unit of energy use (constant 2017 PPP $ per kg of oil equivalent),EG.GDP.PUSE.KO.PP.KD,,,,,,,,,,,,,,,,,,,,,,,,,,,,,,,14.15915814,14.03152189,14.23763625,14.19049381,14.6812128,13.91281651,14.10132817,14.15814993,14.02179322,14.03362093,14.29320913,14.52331329,14.4588493,13.81752216,13.91765745,13.76837146,14.14389199,14.40083641,14.45267801,14.66065633,14.5582892,15.16483927,15.31825417,15.61098718,16.52465969,16.21748915,,,,,,
Jamaica,JAM,GDP per unit of energy use (constant 2017 PPP $ per kg of oil equivalent),EG.GDP.PUSE.KO.PP.KD,,,,,,,,,,,,,,,,,,,,,,,,,,,,,,,7.466980672,7.798972212,7.55403169,8.240812976,8.194802782,7.880250084,7.468760948,7.384131931,6.939120217,6.821399122,6.505381027,6.572332759,7.188655834,7.153185461,7.165533109,7.31806083,6.720635529,6.778415199,7.990639591,8.911118627,9.917665703,9.458079052,9.681055815,9.364951353,9.662075245,,,,,,,
Jordan,JOR,GDP per unit of energy use (constant 2017 PPP $ per kg of oil equivalent),EG.GDP.PUSE.KO.PP.KD,,,,,,,,,,,,,,,,,,,,,,,,,,,,,,,8.640576707,8.494104268,8.645849102,9.119695654,8.929207838,8.900651525,8.85606258,8.95559882,8.921400416,9.252617421,9.21360314,9.796781984,9.866391942,10.0516115,9.079176597,9.144838597,9.629301232,9.903125449,10.82845165,10.77925845,11.57952354,11.95936337,11.02655997,11.49361487,11.2256289,,,,,,,
Japan,JPN,GDP per unit of energy use (constant 2017 PPP $ per kg of oil equivalent),EG.GDP.PUSE.KO.PP.KD,,,,,,,,,,,,,,,,,,,,,,,,,,,,,,,9.245059675,9.476865655,9.343294417,9.240438138,8.858216639,8.860975533,8.950730241,8.944102424,8.996960401,8.826501151,8.894366367,9.075138221,9.094823204,9.305126272,9.213940651,9.414431517,9.558983529,9.789254818,10.05101901,9.943659836,9.778409729,10.56538427,10.95050027,11.09129695,11.44979927,11.78413512,,,,,,
Kazakhstan,KAZ,GDP per unit of energy use (constant 2017 PPP $ per kg of oil equivalent),EG.GDP.PUSE.KO.PP.KD,,,,,,,,,,,,,,,,,,,,,,,,,,,,,,,2.999350231,2.616079783,2.354961816,2.569105075,2.534490106,2.589189405,2.997489788,3.500609129,3.447828785,3.877625542,4.286564268,5.025855974,4.796561229,4.833147373,4.49544917,4.922940628,4.513767756,4.56900437,4.46473092,4.9729467,4.900115005,4.703687885,5.160915458,4.955678764,5.492161922,,,,,,,
Kenya,KEN,GDP per unit of energy use (constant 2017 PPP $ per kg of oil equivalent),EG.GDP.PUSE.KO.PP.KD,,,,,,,,,,,,,,,,,,,,,,,,,,,,,,,7.903951398,7.869883693,7.606802852,7.447902387,7.560728093,7.533854542,7.56970865,7.516122394,7.483754512,7.491892632,7.279813464,7.453512369,7.39585697,7.449494059,7.447462941,7.614158054,7.775439139,8.130796598,7.872293499,7.679777609,7.945969955,8.182827435,8.453283018,8.295827354,7.8651227,,,,,,,
Kyrgyz Republic,KGZ,GDP per unit of energy use (constant 2017 PPP $ per kg of oil equivalent),EG.GDP.PUSE.KO.PP.KD,,,,,,,,,,,,,,,,,,,,,,,,,,,,,,,3.025735163,3.072128254,3.608179354,3.924438,4.34399171,4.815029163,4.458554254,5.210438349,4.998001779,5.928783245,6.504106682,7.36937263,6.557402447,6.592498145,7.158264534,7.056005201,7.391739178,6.881071308,6.974048641,7.858330932,8.19362613,7.22100175,5.777489886,6.709089748,7.260262998,,,,,,,
Cambodia,KHM,GDP per unit of energy use (constant 2017 PPP $ per kg of oil equivalent),EG.GDP.PUSE.KO.PP.KD,,,,,,,,,,,,,,,,,,,,,,,,,,,,,,,,,,,,4.441960806,4.497460081,4.603109939,4.232807529,4.764669942,5.277829303,5.678290733,5.196918022,5.474012251,7.333068876,8.191961935,9.091677979,9.879803575,10.50891783,7.222247672,7.337274447,7.509418383,7.734571983,8.041703793,8.070944195,,,,,,,
Kiribati,KIR,GDP per unit of energy use (constant 2017 PPP $ per kg of oil equivalent),EG.GDP.PUSE.KO.PP.KD,,,,,,,,,,,,,,,,,,,,,,,,,,,,,,,21.601831,,,,,,,,,,,,,,23.5109273,24.67510181,19.73035051,18.30168431,,,,,,,,,,,,,,
St. Kitts and Nevis,KNA,GDP per unit of energy use (constant 2017 PPP $ per kg of oil equivalent),EG.GDP.PUSE.KO.PP.KD,,,,,,,,,,,,,,,,,,,,,,,,,,,,,,,26.67304333,,,,,,,,,,,,,,12.52445045,13.22153025,13.63805885,13.05876601,,,,,,,,,,,,,,
"Korea, Rep.",KOR,GDP per unit of energy use (constant 2017 PPP $ per kg of oil equivalent),EG.GDP.PUSE.KO.PP.KD,,,,,,,,,,,,,,,,,,,,,,,,,,,,,,,5.839599856,6.018451131,5.757130883,5.485200915,5.644345772,5.64478149,5.605138916,5.466213435,5.679779884,5.725073454,5.737078295,5.924127796,6.136325481,6.203010992,6.350810496,6.562618796,6.796677097,6.915666016,6.971203761,6.960343908,6.816881182,6.78393199,6.868449436,7.076343792,7.178199214,7.172777739,,,,,,
Kuwait,KWT,GDP per unit of energy use (constant 2017 PPP $ per kg of oil equivalent),EG.GDP.PUSE.KO.PP.KD,,,,,,,,,,,,,,,,,,,,,,,,,,,,,,,,,7.612947776,7.317471172,6.763852945,6.918342157,7.077326533,7.179561953,6.514143384,5.961070441,6.007983941,5.641375695,5.651074837,6.219114444,6.425256253,6.319144827,6.957768319,7.205725826,6.75462708,5.737809413,5.485285283,5.957001975,5.530081312,5.955218165,6.171490699,,,,,,,
Latin America & Caribbean (excluding high income),LAC,GDP per unit of energy use (constant 2017 PPP $ per kg of oil equivalent),EG.GDP.PUSE.KO.PP.KD,,,,,,,,,,,,,,,,,,,,,,,,,,,,,,,10.76737839,10.77954435,10.84509191,11.10496882,11.2275099,11.09252299,11.11991558,11.22079811,11.18009635,11.06698232,11.35952222,11.26368007,11.20268874,11.08020183,11.23420332,11.21755254,11.35687335,11.65622853,11.76736695,11.62535657,11.83224273,12.02497602,11.88803655,11.91178928,11.82160137,,,,,,,
Lao PDR,LAO,GDP per unit of energy use (constant 2017 PPP $ per kg of oil equivalent),EG.GDP.PUSE.KO.PP.KD,,,,,,,,,,,,,,,,,,,,,,,,,,,,,,,,,,,,,,,,,,,,,,,,,,,,,,,,,,,,,,
Lebanon,LBN,GDP per unit of energy use (constant 2017 PPP $ per kg of oil equivalent),EG.GDP.PUSE.KO.PP.KD,,,,,,,,,,,,,,,,,,,,,,,,,,,,,,,10.78321808,13.02032997,14.96114658,11.56875752,11.4145874,10.59880383,11.18526939,10.00937532,10.55982862,10.03988656,11.19281961,10.84159415,11.28479612,11.63661842,12.28590431,13.22820282,14.12814834,17.52379909,14.87006606,13.38938303,15.06908099,15.27641678,13.8664373,14.60020661,14.11974661,,,,,,,
Liberia,LBR,GDP per unit of energy use (constant 2017 PPP $ per kg of oil equivalent),EG.GDP.PUSE.KO.PP.KD,,,,,,,,,,,,,,,,,,,,,,,,,,,,,,,,,,,,,,,,,,,,,,,,,,,,,,,,,,,,,,
Libya,LBY,GDP per unit of energy use (constant 2017 PPP $ per kg of oil equivalent),EG.GDP.PUSE.KO.PP.KD,,,,,,,,,,,,,,,,,,,,,,,,,,,,,,,,,,,,,,,,8.942932195,8.835918886,8.424878807,8.02327906,8.813071717,8.955301308,10.11141572,10.65111777,12.16862751,11.40479706,10.05536299,9.806109416,7.395022384,10.96331211,7.986797145,6.678296373,,,,,,,
St. Lucia,LCA,GDP per unit of energy use (constant 2017 PPP $ per kg of oil equivalent),EG.GDP.PUSE.KO.PP.KD,,,,,,,,,,,,,,,,,,,,,,,,,,,,,,,29.0586202,,,,,,,,,,,,,,18.46859128,17.94420857,19.69643286,18.62128862,,,,,,,,,,,,,,
Latin America & Caribbean,LCN,GDP per unit of energy use (constant 2017 PPP $ per kg of oil equivalent),EG.GDP.PUSE.KO.PP.KD,,,,,,,,,,,,,,,,,,,,,,,,,,,,,,,10.64412739,10.6697215,10.72872091,11.00577185,11.12291502,11.00094319,10.98582285,11.08211287,11.02738998,10.86376632,11.11110427,11.02281289,10.95441902,10.85079524,11.00194924,10.97859312,11.10079549,11.38153838,11.51559265,11.38482635,11.58517143,11.75911672,11.6444423,11.68155355,11.65668087,,,,,,,
Least developed countries: UN classification,LDC,GDP per unit of energy use (constant 2017 PPP $ per kg of oil equivalent),EG.GDP.PUSE.KO.PP.KD,,,,,,,,,,,,,,,,,,,,,,,,,,,,,,,5.603079393,5.572336183,5.476952082,5.353881764,5.241962249,5.317656272,5.486003522,5.665271822,5.699199219,5.738171695,5.912603088,5.988620522,6.056113052,6.141778839,6.470625227,6.758797783,6.972801326,7.293413449,7.488272555,7.459764496,7.623948454,7.728987984,7.650175594,7.811488459,8.039036643,,,,,,,
Low income,LIC,GDP per unit of energy use (constant 2017 PPP $ per kg of oil equivalent),EG.GDP.PUSE.KO.PP.KD,,,,,,,,,,,,,,,,,,,,,,,,,,,,,,,,,,,,,,,,,,,,,,,,,,,,,,,,,,,,,,
Liechtenstein,LIE,GDP per unit of energy use (constant 2017 PPP $ per kg of oil equivalent),EG.GDP.PUSE.KO.PP.KD,,,,,,,,,,,,,,,,,,,,,,,,,,,,,,,,,,,,,,,,,,,,,,,,,,,,,,,,,,,,,,
Sri Lanka,LKA,GDP per unit of energy use (constant 2017 PPP $ per kg of oil equivalent),EG.GDP.PUSE.KO.PP.KD,,,,,,,,,,,,,,,,,,,,,,,,,,,,,,,12.60020584,12.98351165,13.20982256,13.39443724,14.729524,15.05286041,13.96249384,14.33587751,14.76468494,14.42116945,13.87952353,14.13528515,14.42995621,14.43452119,15.01966558,15.59792177,16.64260138,17.43234696,18.76511797,19.57639056,19.63649166,19.87668587,20.06391717,23.41951572,23.334856,,,,,,,
Lower middle income,LMC,GDP per unit of energy use (constant 2017 PPP $ per kg of oil equivalent),EG.GDP.PUSE.KO.PP.KD,,,,,,,,,,,,,,,,,,,,,,,,,,,,,,,5.857377844,5.782667533,5.953548303,5.957722587,6.092109521,6.114021155,6.38247946,6.395273263,6.384203664,6.361369086,6.527650578,6.635173765,6.737765709,6.96432959,7.095620596,7.250162839,7.48347139,7.705810861,7.75192277,7.808574529,7.963008959,8.144221674,8.175687617,8.480159478,8.64295109,,,,,,,
Low & middle income,LMY,GDP per unit of energy use (constant 2017 PPP $ per kg of oil equivalent),EG.GDP.PUSE.KO.PP.KD,,,,,,,,,,,,,,,,,,,,,,,,,,,,,,,4.811812431,4.833056587,4.932165011,5.007178892,5.163009317,5.173930882,5.34283468,5.532555251,5.625362416,5.705112264,5.896326319,5.96513082,6.034575161,5.997029422,6.023052501,6.108604166,6.245793012,6.445580944,6.572689599,6.570889961,6.597853116,6.670731017,6.775106821,6.968395955,7.153908581,,,,,,,
Lesotho,LSO,GDP per unit of energy use (constant 2017 PPP $ per kg of oil equivalent),EG.GDP.PUSE.KO.PP.KD,,,,,,,,,,,,,,,,,,,,,,,,,,,,,,,,,,,,,,,,,,,,,135.7164659,119.1447217,215.6891401,224.7220167,,,,,,,,,,,,,,
Late-demographic dividend,LTE,GDP per unit of energy use (constant 2017 PPP $ per kg of oil equivalent),EG.GDP.PUSE.KO.PP.KD,,,,,,,,,,,,,,,,,,,,,,,,,,,,,,,3.946997848,3.984509602,4.022473063,4.122832701,4.331506203,4.401128823,4.499266202,4.750137889,4.856871751,4.99108662,5.221172965,5.316899011,5.407672404,5.31677851,5.289145244,5.342358369,5.450172886,5.665713828,5.847170796,5.879196777,5.809622453,5.866413801,5.99239796,6.149368994,6.351131104,,,,,,,
Lithuania,LTU,GDP per unit of energy use (constant 2017 PPP $ per kg of oil equivalent),EG.GDP.PUSE.KO.PP.KD,,,,,,,,,,,,,,,,,,,,,,,,,,,,,,,,,,,,4.431415045,4.31971606,4.939913205,5.05757056,5.867979251,6.795519423,6.236471085,6.216877345,6.584768596,6.917997127,7.906406337,8.618860356,8.825841825,9.000561867,8.324235816,10.52077486,10.76426576,11.069627,12.13124023,12.50623789,,,,,,,
Luxembourg,LUX,GDP per unit of energy use (constant 2017 PPP $ per kg of oil equivalent),EG.GDP.PUSE.KO.PP.KD,,,,,,,,,,,,,,,,,,,,,,,,,,,,,,,7.985122895,8.12127105,8.240404795,8.467617137,9.108344663,10.43152243,10.4265554,11.2961534,12.47873736,12.95111322,12.93521362,12.67005437,12.5924157,12.25135557,11.46583844,11.52132085,12.35980953,13.75076856,13.71939862,14.11393079,13.72762907,14.02590861,14.52141588,15.46065129,16.51535013,17.28401327,,,,,,
Latvia,LVA,GDP per unit of energy use (constant 2017 PPP $ per kg of oil equivalent),EG.GDP.PUSE.KO.PP.KD,,,,,,,,,,,,,,,,,,,,,,,,,,,,,,,,,,,,5.189891001,5.412614239,6.010799266,6.542611828,7.316661803,8.026085495,7.953134997,8.596373649,8.780063717,9.263019046,10.05243676,10.86977627,11.6830079,11.8211525,10.55747795,9.854265146,10.70212166,11.04331013,11.46252721,11.67906254,,,,,,,
"Macao SAR, China",MAC,GDP per unit of energy use (constant 2017 PPP $ per kg of oil equivalent),EG.GDP.PUSE.KO.PP.KD,,,,,,,,,,,,,,,,,,,,,,,,,,,,,,,,,,,,,,,,,,,,,,,,,,,,,,,,,,,,,,
St. Martin (French part),MAF,GDP per unit of energy use (constant 2017 PPP $ per kg of oil equivalent),EG.GDP.PUSE.KO.PP.KD,,,,,,,,,,,,,,,,,,,,,,,,,,,,,,,,,,,,,,,,,,,,,,,,,,,,,,,,,,,,,,
Morocco,MAR,GDP per unit of energy use (constant 2017 PPP $ per kg of oil equivalent),EG.GDP.PUSE.KO.PP.KD,,,,,,,,,,,,,,,,,,,,,,,,,,,,,,,11.67978756,11.91637187,11.01391391,10.53450821,10.87824219,10.38602715,11.10504805,10.60515171,11.15881861,10.60898749,10.75587372,10.88902235,11.04738472,11.75763098,10.38591503,10.13484691,10.72103413,10.76195039,10.97851995,11.36249738,11.24488762,10.98346943,11.15647276,11.61312167,13.65201572,,,,,,,
Monaco,MCO,GDP per unit of energy use (constant 2017 PPP $ per kg of oil equivalent),EG.GDP.PUSE.KO.PP.KD,,,,,,,,,,,,,,,,,,,,,,,,,,,,,,,,,,,,,,,,,,,,,,,,,,,,,,,,,,,,,,
Moldova,MDA,GDP per unit of energy use (constant 2017 PPP $ per kg of oil equivalent),EG.GDP.PUSE.KO.PP.KD,,,,,,,,,,,,,,,,,,,,,,,,,,,,,,,,,,,,3.564333732,3.903495257,4.156664209,4.208157996,4.663637924,5.146278924,5.157624995,5.4817029,5.383565363,5.753359409,5.971911431,6.343465337,6.714959953,7.265579355,7.190381662,6.975835693,7.499833094,7.535366341,9.142090233,8.925491938,,,,,,,
Madagascar,MDG,GDP per unit of energy use (constant 2017 PPP $ per kg of oil equivalent),EG.GDP.PUSE.KO.PP.KD,,,,,,,,,,,,,,,,,,,,,,,,,,,,,,,,,,,,,,,,,,,,,,,,,,,,,,,,,,,,,,
Maldives,MDV,GDP per unit of energy use (constant 2017 PPP $ per kg of oil equivalent),EG.GDP.PUSE.KO.PP.KD,,,,,,,,,,,,,,,,,,,,,,,,,,,,,,,,,,,,,,,,,,,,,18.55313811,17.90809633,17.64388105,18.30572944,,,,,,,,,,,,,,
Middle East & North Africa,MEA,GDP per unit of energy use (constant 2017 PPP $ per kg of oil equivalent),EG.GDP.PUSE.KO.PP.KD,,,,,,,,,,,,,,,,,,,,,,,,,,,,,,,9.450990014,9.172439184,8.789724761,8.264668071,7.881444385,7.934332457,8.181848677,8.006688661,8.280943688,8.160348795,8.47133189,7.986693351,7.801798601,8.045061308,8.097068382,7.950476499,7.885894418,7.905565879,7.665610931,7.443052886,7.456896515,7.621130296,7.347320293,7.471967574,7.348102203,,,,,,,
Mexico,MEX,GDP per unit of energy use (constant 2017 PPP $ per kg of oil equivalent),EG.GDP.PUSE.KO.PP.KD,,,,,,,,,,,,,,,,,,,,,,,,,,,,,,,10.14601989,10.07129846,10.34168144,10.3680974,10.6409217,10.30072635,10.76119665,10.92661696,11.17909039,11.16464363,11.70786409,11.26269236,11.2030477,10.72734238,11.0278105,10.55640134,10.78513824,11.10478255,11.34719575,10.73385306,11.61412175,11.45897839,11.37512928,11.50576159,12.09289316,12.53457235,,,,,,
Marshall Islands,MHL,GDP per unit of energy use (constant 2017 PPP $ per kg of oil equivalent),EG.GDP.PUSE.KO.PP.KD,,,,,,,,,,,,,,,,,,,,,,,,,,,,,,,,,,,,,,,,,,,,,6.520762255,6.636375837,6.428153804,6.230810391,,,,,,,,,,,,,,
Middle income,MIC,GDP per unit of energy use (constant 2017 PPP $ per kg of oil equivalent),EG.GDP.PUSE.KO.PP.KD,,,,,,,,,,,,,,,,,,,,,,,,,,,,,,,4.831989093,4.856295457,4.960030448,5.037098334,5.200110534,5.210083723,5.380760425,5.570848655,5.666704261,5.748924346,5.941006375,6.010528629,6.081045812,6.03962529,6.060871998,6.144189679,6.280845833,6.479666515,6.60733489,6.606839751,6.630097815,6.703576579,6.814686705,7.010693376,7.195652248,,,,,,,
North Macedonia,MKD,GDP per unit of energy use (constant 2017 PPP $ per kg of oil equivalent),EG.GDP.PUSE.KO.PP.KD,,,,,,,,,,,,,,,,,,,,,,,,,,,,,,,9.168989302,8.779386833,7.372420363,6.644614903,7.317969455,7.160537329,6.130208681,6.838260449,6.574214152,7.312499568,7.76654248,7.794368427,8.065211381,7.469145844,7.941369532,8.155356594,8.189197619,8.451657062,8.928040679,9.544657539,9.645443914,9.106244568,9.554495687,10.78329689,11.5053905,,,,,,,
Mali,MLI,GDP per unit of energy use (constant 2017 PPP $ per kg of oil equivalent),EG.GDP.PUSE.KO.PP.KD,,,,,,,,,,,,,,,,,,,,,,,,,,,,,,,,,,,,,,,,,,,,,,,,,,,,,,,,,,,,,,
Malta,MLT,GDP per unit of energy use (constant 2017 PPP $ per kg of oil equivalent),EG.GDP.PUSE.KO.PP.KD,,,,,,,,,,,,,,,,,,,,,,,,,,,,,,,8.221594794,9.033943423,9.564966709,7.810959564,9.100621568,10.51712534,11.09343131,10.39569746,12.39962602,11.90786393,15.89105359,13.48693427,14.83796667,13.71508184,13.67473673,13.30974611,14.42391958,14.35568321,15.62726074,16.60432481,16.35469283,16.5173031,16.25224263,19.5947142,20.92533857,,,,,,,
Myanmar,MMR,GDP per unit of energy use (constant 2017 PPP $ per kg of oil equivalent),EG.GDP.PUSE.KO.PP.KD,,,,,,,,,,,,,,,,,,,,,,,,,,,,,,,2.183868923,2.244395091,2.274554777,2.471032306,2.482172224,2.572724367,2.739533135,2.845078099,2.929539377,3.166868804,3.451645044,3.972474247,4.292392357,4.471453606,4.818656178,5.453906601,6.09337457,6.606934306,7.612407419,8.871439917,9.970002787,10.49304531,10.22251892,10.39573256,9.677010243,,,,,,,
Middle East & North Africa (excluding high income),MNA,GDP per unit of energy use (constant 2017 PPP $ per kg of oil equivalent),EG.GDP.PUSE.KO.PP.KD,,,,,,,,,,,,,,,,,,,,,,,,,,,,,,,8.734083078,8.457050439,8.135928135,7.592602299,7.22318371,7.187858682,7.683666073,7.241714645,7.849931969,7.869517713,8.355094749,7.967269372,8.02993252,8.074990924,8.047503045,7.716663075,7.833061157,7.958892112,7.786017062,7.718451277,8.010180193,7.848230951,7.695672519,7.604995796,7.527705847,,,,,,,
Montenegro,MNE,GDP per unit of energy use (constant 2017 PPP $ per kg of oil equivalent),EG.GDP.PUSE.KO.PP.KD,,,,,,,,,,,,,,,,,,,,,,,,,,,,,,,,,,,,,,,,,,,,,,8.046425982,7.960774536,8.427660401,8.409723609,9.930133527,8.831305367,9.521972029,9.815653561,10.99819403,11.48998412,,,,,,,
Mongolia,MNG,GDP per unit of energy use (constant 2017 PPP $ per kg of oil equivalent),EG.GDP.PUSE.KO.PP.KD,,,,,,,,,,,,,,,,,,,,,,,,,,,,,,,3.189895743,2.601735561,2.697224472,2.792453618,3.298105037,3.516759456,4.268500398,4.527751823,4.641921652,4.777945071,4.525071128,4.623653713,4.522450481,4.954663474,5.322844891,4.956044999,4.72881375,4.976681548,5.399101651,5.131076528,5.154152198,5.525263672,5.60892288,5.682849572,5.999181348,,,,,,,
Northern Mariana Islands,MNP,GDP per unit of energy use (constant 2017 PPP $ per kg of oil equivalent),EG.GDP.PUSE.KO.PP.KD,,,,,,,,,,,,,,,,,,,,,,,,,,,,,,,,,,,,,,,,,,,,,,,,,,,,,,,,,,,,,,
Mozambique,MOZ,GDP per unit of energy use (constant 2017 PPP $ per kg of oil equivalent),EG.GDP.PUSE.KO.PP.KD,,,,,,,,,,,,,,,,,,,,,,,,,,,,,,,1.033638251,1.089632871,1.010021041,1.095609341,1.155027488,1.155987182,1.26194488,1.363982064,1.484697363,1.626314134,1.557429629,1.659165176,1.789944156,1.814047448,1.8846863,1.982929317,2.112083212,2.181623391,2.29672757,2.354879634,2.426853978,2.506093234,2.6386467,2.725031095,2.749459791,,,,,,,
Mauritania,MRT,GDP per unit of energy use (constant 2017 PPP $ per kg of oil equivalent),EG.GDP.PUSE.KO.PP.KD,,,,,,,,,,,,,,,,,,,,,,,,,,,,,,,,,,,,,,,,,,,,,,,,,,,,,,,,,,,,,,
Mauritius,MUS,GDP per unit of energy use (constant 2017 PPP $ per kg of oil equivalent),EG.GDP.PUSE.KO.PP.KD,,,,,,,,,,,,,,,,,,,,,,,,,,,,,,,13.08253336,13.40874239,13.59465252,13.67932778,14.50029057,14.14547568,14.67380787,15.09322098,15.0427457,14.7504783,14.39612741,14.16933295,14.52071986,14.66773958,15.029712,14.78969702,14.50495363,15.24969534,15.70763214,16.63367414,16.43322819,17.07500166,17.38750062,17.49084092,17.85504116,,,,,,,
Malawi,MWI,GDP per unit of energy use (constant 2017 PPP $ per kg of oil equivalent),EG.GDP.PUSE.KO.PP.KD,,,,,,,,,,,,,,,,,,,,,,,,,,,,,,,,,,,,,,,,,,,,,,,,,,,,,,,,,,,,,,
Malaysia,MYS,GDP per unit of energy use (constant 2017 PPP $ per kg of oil equivalent),EG.GDP.PUSE.KO.PP.KD,,,,,,,,,,,,,,,,,,,,,,,,,,,,,,,8.510621184,7.5564587,7.462534692,7.58400416,8.325389708,8.451172427,8.401346847,7.74719539,7.550161048,7.910778168,7.551450749,7.293697732,7.436629284,7.342870198,7.291047243,7.080000031,7.434608616,7.216988083,7.237559021,7.501846776,7.894203076,7.971560827,8.262819762,7.670700444,7.959587538,,,,,,,
North America,NAC,GDP per unit of energy use (constant 2017 PPP $ per kg of oil equivalent),EG.GDP.PUSE.KO.PP.KD,,,,,,,,,,,,,,,,,,,,,,,,,,,,,,,5.273388636,5.225209417,5.302844152,5.355000239,5.468560675,5.544644244,5.628749543,5.694845146,5.905272929,6.026409118,6.104642955,6.282313866,6.329368681,6.453466488,6.561001195,6.75530658,7.01045069,7.036736541,7.209733879,7.3746857,7.414723822,7.594518625,7.881769915,7.935859717,7.985265578,8.325296729,,,,,,
Namibia,NAM,GDP per unit of energy use (constant 2017 PPP $ per kg of oil equivalent),EG.GDP.PUSE.KO.PP.KD,,,,,,,,,,,,,,,,,,,,,,,,,,,,,,,,13.26784194,13.36288332,12.2169198,11.532777,10.94191307,10.51039788,10.71567269,10.60778352,11.00284642,11.97581886,10.21963065,11.56787314,11.57024523,12.38907568,11.71942577,12.52613669,12.82602192,12.36214498,12.17919476,12.438222,12.66092331,12.8363428,12.84801319,13.1100466,,,,,,,
New Caledonia,NCL,GDP per unit of energy use (constant 2017 PPP $ per kg of oil equivalent),EG.GDP.PUSE.KO.PP.KD,,,,,,,,,,,,,,,,,,,,,,,,,,,,,,,,,,,,,,,,,,,,,,,,,,,,,,,,,,,,,,
Niger,NER,GDP per unit of energy use (constant 2017 PPP $ per kg of oil equivalent),EG.GDP.PUSE.KO.PP.KD,,,,,,,,,,,,,,,,,,,,,,,,,,,,,,,,,,,,,,,,,7.193825833,7.494872016,7.573881287,7.409895505,7.111760283,7.552073032,7.800833951,7.690309286,7.912673169,7.610152121,7.655052335,9.021669461,8.480808201,7.089212256,7.511352546,,,,,,,
Nigeria,NGA,GDP per unit of energy use (constant 2017 PPP $ per kg of oil equivalent),EG.GDP.PUSE.KO.PP.KD,,,,,,,,,,,,,,,,,,,,,,,,,,,,,,,4.67256368,4.474808056,4.503995523,4.342557543,4.370929757,4.250625271,4.248464697,4.229970499,4.309612918,4.184977785,4.230935611,4.268195656,4.769691829,4.844775455,5.147282975,5.271128275,5.544603803,5.70872395,5.919184589,6.498040328,6.521257911,6.492820603,6.425218799,6.830982989,7.223880971,,,,,,,
Nicaragua,NIC,GDP per unit of energy use (constant 2017 PPP $ per kg of oil equivalent),EG.GDP.PUSE.KO.PP.KD,,,,,,,,,,,,,,,,,,,,,,,,,,,,,,,7.139781666,6.715491491,6.541008922,6.621136909,6.770093211,6.970357223,7.278715339,7.23034083,7.457266986,7.869160105,7.994491868,8.160002283,7.932540842,7.946169307,8.002774992,8.212235206,8.633910638,8.923935322,9.128656785,8.776518833,9.085980884,9.336945446,9.252230524,9.067397453,9.129338876,,,,,,,
Netherlands,NLD,GDP per unit of energy use (constant 2017 PPP $ per kg of oil equivalent),EG.GDP.PUSE.KO.PP.KD,,,,,,,,,,,,,,,,,,,,,,,,,,,,,,,8.296977996,8.04946371,8.307739476,8.338890841,8.531907627,8.262495346,8.114054027,8.734024591,9.072602321,9.690677735,10.0066562,9.951674223,9.841115796,9.522559255,9.553243522,9.914370856,10.37486219,10.77837978,11.10728139,10.92893834,10.35416193,11.34302573,11.161689,11.2256571,12.06489685,12.5144265,,,,,,
Norway,NOR,GDP per unit of energy use (constant 2017 PPP $ per kg of oil equivalent),EG.GDP.PUSE.KO.PP.KD,,,,,,,,,,,,,,,,,,,,,,,,,,,,,,,8.48349225,8.467972585,8.627997564,8.336177574,8.944417026,9.136929344,9.895373205,9.845037384,9.673130641,9.421767046,9.805461626,9.744357472,10.64162742,9.898199991,10.52108325,10.6623108,10.77294722,10.92802202,9.41405022,9.513946688,8.847455374,10.82484992,10.49597222,9.644492633,11.14974645,10.82699395,,,,,,
Nepal,NPL,GDP per unit of energy use (constant 2017 PPP $ per kg of oil equivalent),EG.GDP.PUSE.KO.PP.KD,,,,,,,,,,,,,,,,,,,,,,,,,,,,,,,5.267751362,5.427419467,5.515904385,5.580901131,5.832529145,5.850636712,6.017677407,6.123497843,6.14847949,6.084969426,6.121478016,6.210871106,6.150135461,6.216893534,6.415548753,6.421263529,6.637777347,6.733650194,6.903217424,7.00879725,7.136335952,7.130624245,7.808075064,7.269942907,7.40554922,,,,,,,
Nauru,NRU,GDP per unit of energy use (constant 2017 PPP $ per kg of oil equivalent),EG.GDP.PUSE.KO.PP.KD,,,,,,,,,,,,,,,,,,,,,,,,,,,,,,,,,,,,,,,,,,,,,,,,,,,,,,,,,,,,,,
New Zealand,NZL,GDP per unit of energy use (constant 2017 PPP $ per kg of oil equivalent),EG.GDP.PUSE.KO.PP.KD,,,,,,,,,,,,,,,,,,,,,,,,,,,,,,,7.272790634,7.018146469,6.939086663,7.005698624,7.110555408,7.34083517,7.346277022,7.177568069,7.336070435,7.436295966,7.397493573,7.647826536,7.994870427,8.468207644,8.593286476,9.088767395,9.346482443,9.523252656,9.273249532,9.189944999,8.89521193,9.130298624,8.899104864,9.063830869,8.862918434,9.256499204,,,,,,
OECD members,OED,GDP per unit of energy use (constant 2017 PPP $ per kg of oil equivalent),EG.GDP.PUSE.KO.PP.KD,,,,,,,,,,,,,,,,,,,,,,,,,,,,,,,7.322836331,7.322884893,7.389669992,7.38081405,7.48818781,7.513256328,7.525640024,7.577683782,7.77111628,7.888872296,8.037304262,8.166587737,8.242066949,8.302281993,8.421611329,8.611399644,8.87330597,9.072657906,9.227679335,9.312222863,9.291302101,9.662248077,9.858648386,9.967721512,10.25095594,10.44869156,,,,,,
Oman,OMN,GDP per unit of energy use (constant 2017 PPP $ per kg of oil equivalent),EG.GDP.PUSE.KO.PP.KD,,,,,,,,,,,,,,,,,,,,,,,,,,,,,,,13.02833418,9.984604043,11.58311805,11.29815502,11.52974349,11.98435771,12.01332806,11.84364067,12.07070017,11.68502544,11.58115232,11.92888881,11.21985631,10.24970985,10.13908029,9.239800888,6.250020637,5.691991978,6.962997264,7.312337202,6.284689515,5.498565615,5.566309696,5.67486048,5.77354695,,,,,,,
Other small states,OSS,GDP per unit of energy use (constant 2017 PPP $ per kg of oil equivalent),EG.GDP.PUSE.KO.PP.KD,,,,,,,,,,,,,,,,,,,,,,,,,,,,,,,,,,,,,,,,,,,,,7.175475854,7.249150477,7.122099557,7.127414594,,,,,,,,,,,,,,
Pakistan,PAK,GDP per unit of energy use (constant 2017 PPP $ per kg of oil equivalent),EG.GDP.PUSE.KO.PP.KD,,,,,,,,,,,,,,,,,,,,,,,,,,,,,,,8.236505473,8.438971764,8.533296583,8.263420917,8.233957427,8.274783297,8.243755208,8.111708003,8.142340343,7.993755933,8.117390729,8.270983696,8.384251995,8.483603725,8.51053828,8.742553571,8.887299677,8.842942811,9.146940672,9.266613601,9.28128756,9.465166991,9.685079075,9.871360438,10.20249893,,,,,,,
Panama,PAN,GDP per unit of energy use (constant 2017 PPP $ per kg of oil equivalent),EG.GDP.PUSE.KO.PP.KD,,,,,,,,,,,,,,,,,,,,,,,,,,,,,,,17.77702374,17.94333308,17.03162257,17.7054699,17.29277737,17.34168042,16.88573014,17.294317,16.00774306,16.87649527,17.11308067,15.18165695,17.0809454,17.77903457,19.38019335,18.62775486,18.94258787,21.67167854,23.74733751,21.78461488,21.54429522,22.10112336,23.49916834,25.57089186,25.32945401,,,,,,,
Peru,PER,GDP per unit of energy use (constant 2017 PPP $ per kg of oil equivalent),EG.GDP.PUSE.KO.PP.KD,,,,,,,,,,,,,,,,,,,,,,,,,,,,,,,11.90201567,12.40243682,12.68374339,12.50428545,13.55662495,13.63035019,13.60447315,14.96477227,14.17121521,13.50074955,13.90468766,14.49661841,15.18643785,16.1390178,15.31183998,15.35584978,17.0056922,17.05555311,17.74561743,17.11288563,15.65387138,16.35231459,16.12818152,17.13649508,15.03015143,,,,,,,
Philippines,PHL,GDP per unit of energy use (constant 2017 PPP $ per kg of oil equivalent),EG.GDP.PUSE.KO.PP.KD,,,,,,,,,,,,,,,,,,,,,,,,,,,,,,,9.07541358,9.048840318,8.691263151,8.887543077,8.656415829,8.645224467,8.849397423,8.844743041,8.55327567,8.611328032,8.686068999,9.348056838,9.564709942,10.02564433,10.71850946,11.22967721,11.91384893,12.6651157,12.73483625,13.56832743,13.76658233,14.20294797,14.27412342,14.71383432,14.70307832,,,,,,,
Palau,PLW,GDP per unit of energy use (constant 2017 PPP $ per kg of oil equivalent),EG.GDP.PUSE.KO.PP.KD,,,,,,,,,,,,,,,,,,,,,,,,,,,,,,,,,,,,,,,,,,,,,,,,,,,,,,,,,,,,,,
Papua New Guinea,PNG,GDP per unit of energy use (constant 2017 PPP $ per kg of oil equivalent),EG.GDP.PUSE.KO.PP.KD,,,,,,,,,,,,,,,,,,,,,,,,,,,,,,,,,,,,,,,,,,,,,,,,,,,,,,,,,,,,,,
Poland,POL,GDP per unit of energy use (constant 2017 PPP $ per kg of oil equivalent),EG.GDP.PUSE.KO.PP.KD,,,,,,,,,,,,,,,,,,,,,,,,,,,,,,,4.161517249,3.950147285,4.15000112,4.203440023,4.643908985,4.810235243,4.905319178,5.291252333,5.947228612,6.388573145,6.972086706,7.013215074,7.228122512,7.294387984,7.636456084,7.805838682,7.888369846,8.481991925,8.70827861,9.305315675,8.973774733,9.374439429,9.841364494,9.935153151,10.70919647,11.11060066,,,,,,
Pre-demographic dividend,PRE,GDP per unit of energy use (constant 2017 PPP $ per kg of oil equivalent),EG.GDP.PUSE.KO.PP.KD,,,,,,,,,,,,,,,,,,,,,,,,,,,,,,,5.766467012,5.239496852,5.011047002,4.71093536,4.589566238,4.666823823,4.782373351,4.840136571,5.402368452,5.59782856,5.697371689,5.648012993,5.817800726,5.608645824,6.116708506,6.278660739,6.559402146,6.762822872,6.824946945,6.891836753,6.891077069,6.797867492,6.673041794,6.861929588,7.096507341,,,,,,,
Puerto Rico,PRI,GDP per unit of energy use (constant 2017 PPP $ per kg of oil equivalent),EG.GDP.PUSE.KO.PP.KD,,,,,,,,,,,,,,,,,,,,,,,,,,,,,,,,,,,,,,,,,,,,,,,,,,,,,,,,,,,,,,
"Korea, Dem. People's Rep.",PRK,GDP per unit of energy use (constant 2017 PPP $ per kg of oil equivalent),EG.GDP.PUSE.KO.PP.KD,,,,,,,,,,,,,,,,,,,,,,,,,,,,,,,,,,,,,,,,,,,,,,,,,,,,,,,,,,,,,,
Portugal,PRT,GDP per unit of energy use (constant 2017 PPP $ per kg of oil equivalent),EG.GDP.PUSE.KO.PP.KD,,,,,,,,,,,,,,,,,,,,,,,,,,,,,,,14.01391032,14.46742312,13.74422249,13.65343186,13.4378737,12.67301203,13.24667072,13.12934899,12.7342233,12.32912564,12.71208904,12.86201754,12.44156471,12.67204012,12.5428369,12.33687311,13.1884805,13.42458156,13.82291887,13.5716356,14.30654594,14.4663005,14.78986054,14.59908414,14.96407531,14.59823384,,,,,,
Paraguay,PRY,GDP per unit of energy use (constant 2017 PPP $ per kg of oil equivalent),EG.GDP.PUSE.KO.PP.KD,,,,,,,,,,,,,,,,,,,,,,,,,,,,,,,11.64970448,11.67871627,11.92578189,12.05243572,11.61360797,11.33044172,11.24642862,10.78196331,10.93045962,11.29854548,11.79063434,11.48823375,11.58519889,11.84293462,12.20722969,12.60594353,12.82129832,13.04146632,13.25211935,13.04685268,13.53571185,13.91903973,13.48525385,14.77019395,14.86914246,,,,,,,
West Bank and Gaza,PSE,GDP per unit of energy use (constant 2017 PPP $ per kg of oil equivalent),EG.GDP.PUSE.KO.PP.KD,,,,,,,,,,,,,,,,,,,,,,,,,,,,,,,,,,,,,,,,,,,,,,,,,,,,,,,,,,,,,,
Pacific island small states,PSS,GDP per unit of energy use (constant 2017 PPP $ per kg of oil equivalent),EG.GDP.PUSE.KO.PP.KD,,,,,,,,,,,,,,,,,,,,,,,,,,,,,,,19.2024416,,,,,,,,,,,,,,13.33389559,15.04219563,15.64698981,16.06440949,,,,,,,,,,,,,,
Post-demographic dividend,PST,GDP per unit of energy use (constant 2017 PPP $ per kg of oil equivalent),EG.GDP.PUSE.KO.PP.KD,,,,,,,,,,,,,,,,,,,,,,,,,,,,,,,6.929442378,6.925892204,7.03295587,7.037200949,7.152841295,7.190910769,7.210106709,7.259603988,7.437556243,7.560059365,7.699827698,7.842449825,7.916793678,7.971774724,8.077795511,8.287855717,8.563653507,8.759214654,8.915124654,9.035595667,8.972370731,9.334482507,9.536434076,9.639293044,9.878532468,10.15636354,,,,,,
French Polynesia,PYF,GDP per unit of energy use (constant 2017 PPP $ per kg of oil equivalent),EG.GDP.PUSE.KO.PP.KD,,,,,,,,,,,,,,,,,,,,,,,,,,,,,,,,,,,,,,,,,,,,,,,,,,,,,,,,,,,,,,
Qatar,QAT,GDP per unit of energy use (constant 2017 PPP $ per kg of oil equivalent),EG.GDP.PUSE.KO.PP.KD,,,,,,,,,,,,,,,,,,,,,,,,,,,,,,,,,,,,,,,,,4.696541321,4.415673623,4.183994119,4.191794054,4.238097942,4.555442538,4.889176243,5.105248274,5.846077738,6.143078959,6.440938287,6.450410815,5.550020678,5.531065803,5.332803725,,,,,,,
Romania,ROU,GDP per unit of energy use (constant 2017 PPP $ per kg of oil equivalent),EG.GDP.PUSE.KO.PP.KD,,,,,,,,,,,,,,,,,,,,,,,,,,,,,,,4.985169714,5.2646941,5.268937678,5.488435789,6.047662737,5.932218015,6.018229668,6.088579184,6.523258084,7.354590487,7.54336874,7.808918975,7.96901429,7.868737802,8.878579579,9.315156115,9.724181531,10.47412567,11.4912959,12.33179748,11.8002933,12.06621303,12.60432072,13.84369199,14.50752313,,,,,,,
Russian Federation,RUS,GDP per unit of energy use (constant 2017 PPP $ per kg of oil equivalent),EG.GDP.PUSE.KO.PP.KD,,,,,,,,,,,,,,,,,,,,,,,,,,,,,,,3.615658726,3.464961092,3.242342879,3.136567291,3.135646171,3.101644294,3.016291493,3.201279951,3.103894025,3.188442645,3.449095762,3.585988253,3.772006993,3.90800604,4.175973463,4.413833712,4.640710439,5.020816412,5.16010835,5.062512433,4.972197036,4.945527546,5.019013102,5.184944684,5.354899986,,,,,,,
Rwanda,RWA,GDP per unit of energy use (constant 2017 PPP $ per kg of oil equivalent),EG.GDP.PUSE.KO.PP.KD,,,,,,,,,,,,,,,,,,,,,,,,,,,,,,,,,,,,,,,,,,,,,,,,,,,,,,,,,,,,,,
South Asia,SAS,GDP per unit of energy use (constant 2017 PPP $ per kg of oil equivalent),EG.GDP.PUSE.KO.PP.KD,,,,,,,,,,,,,,,,,,,,,,,,,,,,,,,5.966131211,5.866908183,5.967392327,6.051232006,6.177415098,6.248125863,6.453109717,6.446531542,6.637875061,6.760702677,6.861033029,7.049023611,7.10948787,7.414153756,7.580476046,7.846892341,8.037393157,8.167187344,8.097607,7.955944142,8.186383156,8.282868634,8.355261295,8.664572962,8.766651412,,,,,,,
Saudi Arabia,SAU,GDP per unit of energy use (constant 2017 PPP $ per kg of oil equivalent),EG.GDP.PUSE.KO.PP.KD,,,,,,,,,,,,,,,,,,,,,,,,,,,,,,,11.58456865,11.44536503,10.44655246,9.925759412,9.485908263,9.452291952,9.063240528,9.608816946,9.2774227,8.769976677,8.859421076,8.526282645,7.481392779,8.224664677,8.343467964,8.611143981,7.987806371,7.872965573,7.498322162,6.898681391,6.510098687,7.457061887,6.988552987,7.482220389,6.980918116,,,,,,,
Sudan,SDN,GDP per unit of energy use (constant 2017 PPP $ per kg of oil equivalent),EG.GDP.PUSE.KO.PP.KD,,,,,,,,,,,,,,,,,,,,,,,,,,,,,,,6.701554979,7.218801967,7.698840003,8.289515969,7.223555461,7.628204237,7.887445691,9.134544095,9.421972576,8.749447612,9.843224662,10.00738517,9.771918849,10.68449925,11.23789699,11.65410735,11.55840649,12.63777367,12.91612463,12.14070276,12.34077175,11.98134545,11.56671322,11.54403404,11.79319822,,,,,,,
Senegal,SEN,GDP per unit of energy use (constant 2017 PPP $ per kg of oil equivalent),EG.GDP.PUSE.KO.PP.KD,,,,,,,,,,,,,,,,,,,,,,,,,,,,,,,11.03592045,11.41599911,10.88142559,11.06706011,11.13733901,11.09198308,11.04922799,10.73777178,10.7689609,10.8566059,10.60373314,10.23340655,10.08450369,10.96033083,10.71772506,10.95785679,11.18476904,10.71969585,10.64944888,9.12388682,9.256036638,8.857718767,9.285534481,10.31193789,10.27295455,,,,,,,
Singapore,SGP,GDP per unit of energy use (constant 2017 PPP $ per kg of oil equivalent),EG.GDP.PUSE.KO.PP.KD,,,,,,,,,,,,,,,,,,,,,,,,,,,,,,,9.857919429,9.278703726,8.72002032,7.924441209,7.247063473,9.103931243,9.372465237,9.04239138,9.785127298,11.3713562,12.06203677,10.4615085,10.94309661,9.461544771,8.664378109,13.24643825,13.44055533,15.8197331,14.02886225,16.30674797,15.60238171,16.02985423,16.90486484,17.49869251,17.10659605,,,,,,,
Solomon Islands,SLB,GDP per unit of energy use (constant 2017 PPP $ per kg of oil equivalent),EG.GDP.PUSE.KO.PP.KD,,,,,,,,,,,,,,,,,,,,,,,,,,,,,,,13.32915501,,,,,,,,,,,,,,16.1728751,17.36284969,17.77490913,16.98264997,,,,,,,,,,,,,,
Sierra Leone,SLE,GDP per unit of energy use (constant 2017 PPP $ per kg of oil equivalent),EG.GDP.PUSE.KO.PP.KD,,,,,,,,,,,,,,,,,,,,,,,,,,,,,,,,,,,,,,,,,,,,,,,,,,,,,,,,,,,,,,
El Salvador,SLV,GDP per unit of energy use (constant 2017 PPP $ per kg of oil equivalent),EG.GDP.PUSE.KO.PP.KD,,,,,,,,,,,,,,,,,,,,,,,,,,,,,,,11.28776927,10.4197225,10.6830744,10.73932025,10.61561234,10.45605665,11.02944655,10.27882424,10.25733892,10.09895091,9.761921423,9.412825074,9.377604095,9.123900077,9.280592509,9.264751848,9.205089622,9.911131734,10.07931671,10.53684073,10.66408624,10.96413088,11.44975307,12.39920506,12.37205501,,,,,,,
San Marino,SMR,GDP per unit of energy use (constant 2017 PPP $ per kg of oil equivalent),EG.GDP.PUSE.KO.PP.KD,,,,,,,,,,,,,,,,,,,,,,,,,,,,,,,,,,,,,,,,,,,,,,,,,,,,,,,,,,,,,,
Somalia,SOM,GDP per unit of energy use (constant 2017 PPP $ per kg of oil equivalent),EG.GDP.PUSE.KO.PP.KD,,,,,,,,,,,,,,,,,,,,,,,,,,,,,,,,,,,,,,,,,,,,,,,,,,,,,,,,,,,,,,
Serbia,SRB,GDP per unit of energy use (constant 2017 PPP $ per kg of oil equivalent),EG.GDP.PUSE.KO.PP.KD,,,,,,,,,,,,,,,,,,,,,,,,,,,,,,,,,,,,4.286144412,3.789873148,3.854544968,3.993109763,4.955524978,4.873421473,4.77784367,4.786616512,4.773103998,4.78454251,5.685380764,5.631238148,6.158965047,6.4156493,6.930576837,6.777494767,6.669983535,7.371936155,7.400295482,8.188723298,,,,,,,
Sub-Saharan Africa (excluding high income),SSA,GDP per unit of energy use (constant 2017 PPP $ per kg of oil equivalent),EG.GDP.PUSE.KO.PP.KD,,,,,,,,,,,,,,,,,,,,,,,,,,,,,,,4.963760626,4.795942935,4.793818926,4.587409941,4.566171988,4.547047493,4.638915831,4.711394519,4.76025931,4.707088024,4.842978124,4.864383747,5.085506989,5.062434017,5.182594622,5.3759561,5.608269436,5.722091037,5.672160161,5.797668941,5.960462291,6.037081609,6.051287156,6.223167768,6.414779324,,,,,,,
South Sudan,SSD,GDP per unit of energy use (constant 2017 PPP $ per kg of oil equivalent),EG.GDP.PUSE.KO.PP.KD,,,,,,,,,,,,,,,,,,,,,,,,,,,,,,,,,,,,,,,,,,,,,,,,,,,,,,,,,,,,,,
Sub-Saharan Africa,SSF,GDP per unit of energy use (constant 2017 PPP $ per kg of oil equivalent),EG.GDP.PUSE.KO.PP.KD,,,,,,,,,,,,,,,,,,,,,,,,,,,,,,,4.966862971,4.795942935,4.793818926,4.587409941,4.566171988,4.547047493,4.638915831,4.711394519,4.76025931,4.707088024,4.842978124,4.864383747,5.085506989,5.062434017,5.182820179,5.376732003,5.609051915,5.723680983,5.672160161,5.797668941,5.960462291,6.037081609,6.051287156,6.223167768,6.414779324,,,,,,,
Small states,SST,GDP per unit of energy use (constant 2017 PPP $ per kg of oil equivalent),EG.GDP.PUSE.KO.PP.KD,,,,,,,,,,,,,,,,,,,,,,,,,,,,,,,,,,,,,,,,,,,,,6.548636483,6.492426388,6.367647518,6.378002798,,,,,,,,,,,,,,
Sao Tome and Principe,STP,GDP per unit of energy use (constant 2017 PPP $ per kg of oil equivalent),EG.GDP.PUSE.KO.PP.KD,,,,,,,,,,,,,,,,,,,,,,,,,,,,,,,,,,,,,,,,,,,,,11.41433553,10.75431029,11.44171274,11.85835971,,,,,,,,,,,,,,
Suriname,SUR,GDP per unit of energy use (constant 2017 PPP $ per kg of oil equivalent),EG.GDP.PUSE.KO.PP.KD,,,,,,,,,,,,,,,,,,,,,,,,,,,,,,,,,,,,,,,,,9.758415307,9.495818572,13.96906906,13.91882175,13.78322157,12.57097055,13.99256773,15.54512832,15.3271502,15.72306676,13.89787921,15.10251508,13.89928251,16.12042653,16.20381556,,,,,,,
Slovak Republic,SVK,GDP per unit of energy use (constant 2017 PPP $ per kg of oil equivalent),EG.GDP.PUSE.KO.PP.KD,,,,,,,,,,,,,,,,,,,,,,,,,,,,,,,,,3.419795635,3.550587543,3.841521757,3.987571873,4.180497039,4.423180439,4.74607372,4.714622921,4.74533713,4.675689305,4.850201785,5.142552868,5.498399596,5.714428548,6.262352769,7.249687853,7.455891334,7.717294402,7.730030071,8.155310469,8.605529426,8.511973492,9.290135894,9.564370017,,,,,,
Slovenia,SVN,GDP per unit of energy use (constant 2017 PPP $ per kg of oil equivalent),EG.GDP.PUSE.KO.PP.KD,,,,,,,,,,,,,,,,,,,,,,,,,,,,,,,,,,,,7.04414718,6.975086088,7.048608995,7.422543859,7.84006269,8.149457763,8.009044001,8.174754616,8.316782959,8.412258559,8.538183719,8.992297155,9.609563958,9.402925018,9.4536778,9.318228103,9.408135354,9.524856354,9.677010445,10.2260002,10.64601008,,,,,,
Sweden,SWE,GDP per unit of energy use (constant 2017 PPP $ per kg of oil equivalent),EG.GDP.PUSE.KO.PP.KD,,,,,,,,,,,,,,,,,,,,,,,,,,,,,,,6.193936705,5.935009173,6.137333821,6.015187687,5.849688663,6.003632396,5.960262173,6.305471298,6.462403122,6.860281703,7.579153351,7.236214225,7.216384797,7.55309301,7.585390876,7.956449664,8.553381611,8.873571444,8.915215309,9.316178656,8.804722084,9.279762369,9.166139263,9.416466279,9.918379487,9.980619839,,,,,,
Eswatini,SWZ,GDP per unit of energy use (constant 2017 PPP $ per kg of oil equivalent),EG.GDP.PUSE.KO.PP.KD,,,,,,,,,,,,,,,,,,,,,,,,,,,,,,,13.57702312,,,,,,,,,,,,,,15.68776206,16.92056981,17.62526344,17.66724843,,,,,,,,,,,,,,
Sint Maarten (Dutch part),SXM,GDP per unit of energy use (constant 2017 PPP $ per kg of oil equivalent),EG.GDP.PUSE.KO.PP.KD,,,,,,,,,,,,,,,,,,,,,,,,,,,,,,,,,,,,,,,,,,,,,,,,,,,,,,,,,,,,,,
Seychelles,SYC,GDP per unit of energy use (constant 2017 PPP $ per kg of oil equivalent),EG.GDP.PUSE.KO.PP.KD,,,,,,,,,,,,,,,,,,,,,,,,,,,,,,,27.52338108,,,,,,,,,,,,,,5.537535213,6.777524168,6.957309026,9.106407848,,,,,,,,,,,,,,
Syrian Arab Republic,SYR,GDP per unit of energy use (constant 2017 PPP $ per kg of oil equivalent),EG.GDP.PUSE.KO.PP.KD,,,,,,,,,,,,,,,,,,,,,,,,,,,,,,,,,,,,,,,,,,,,,,,,,,,,,,,,,,,,,,
Turks and Caicos Islands,TCA,GDP per unit of energy use (constant 2017 PPP $ per kg of oil equivalent),EG.GDP.PUSE.KO.PP.KD,,,,,,,,,,,,,,,,,,,,,,,,,,,,,,,,,,,,,,,,,,,,,,,,,,,,,,,,,,,,,,
Chad,TCD,GDP per unit of energy use (constant 2017 PPP $ per kg of oil equivalent),EG.GDP.PUSE.KO.PP.KD,,,,,,,,,,,,,,,,,,,,,,,,,,,,,,,,,,,,,,,,,,,,,,,,,,,,,,,,,,,,,,
East Asia & Pacific (IDA & IBRD countries),TEA,GDP per unit of energy use (constant 2017 PPP $ per kg of oil equivalent),EG.GDP.PUSE.KO.PP.KD,,,,,,,,,,,,,,,,,,,,,,,,,,,,,,,3.171997021,3.434586657,3.64352109,3.786488931,4.003778626,4.076394819,4.283239415,4.51885267,4.545655181,4.693543166,4.842528592,4.974650447,5.030065055,4.881883228,4.724280189,4.736834413,4.84377881,5.042689628,5.283136997,5.33934195,5.331147989,5.445210165,5.629900618,5.820503183,6.013486834,,,,,,,
Europe & Central Asia (IDA & IBRD countries),TEC,GDP per unit of energy use (constant 2017 PPP $ per kg of oil equivalent),EG.GDP.PUSE.KO.PP.KD,,,,,,,,,,,,,,,,,,,,,,,,,,,,,,,3.813686899,3.664704622,3.613921994,3.626455977,3.672029147,3.733269764,3.788723492,4.022700173,4.074991429,4.165195203,4.427460064,4.546463651,4.723813931,4.835455212,5.163040959,5.475755196,5.704978096,6.069197432,6.249407324,6.370776827,6.233194016,6.319020974,6.470298945,6.791925643,7.16195695,,,,,,,
Togo,TGO,GDP per unit of energy use (constant 2017 PPP $ per kg of oil equivalent),EG.GDP.PUSE.KO.PP.KD,,,,,,,,,,,,,,,,,,,,,,,,,,,,,,,5.33972201,5.176974423,4.910849133,4.149895225,4.219346783,4.32328214,4.196449029,4.870058849,4.451320326,3.989996315,3.96717724,4.009321068,4.019920954,4.062406724,3.98070158,3.723382647,3.830066942,3.646099354,3.639247987,3.157828822,3.350857807,3.544829337,3.789107521,3.91557568,4.02879646,,,,,,,
Thailand,THA,GDP per unit of energy use (constant 2017 PPP $ per kg of oil equivalent),EG.GDP.PUSE.KO.PP.KD,,,,,,,,,,,,,,,,,,,,,,,,,,,,,,,9.576596507,9.573572293,9.712034703,9.963540001,9.730881,9.62049687,9.090086118,8.678066857,8.548834909,8.37367496,8.543109948,8.587539944,8.243235205,8.15657083,8.022776183,8.129927764,8.368915907,8.465042724,8.382746543,8.355786137,8.210654081,8.28943415,8.291351545,7.916958997,8.051865002,,,,,,,
Tajikistan,TJK,GDP per unit of energy use (constant 2017 PPP $ per kg of oil equivalent),EG.GDP.PUSE.KO.PP.KD,,,,,,,,,,,,,,,,,,,,,,,,,,,,,,,4.073692381,3.961354095,3.442223407,3.675213048,3.771246267,3.693443967,3.186677761,3.251184984,3.256837071,3.396149604,3.832450692,4.254800141,4.699754985,5.118896534,5.220880898,5.581463658,5.792079685,5.842035035,6.624638545,7.920853381,8.266445421,8.85284032,8.849389801,8.574659686,8.485149196,,,,,,,
Turkmenistan,TKM,GDP per unit of energy use (constant 2017 PPP $ per kg of oil equivalent),EG.GDP.PUSE.KO.PP.KD,,,,,,,,,,,,,,,,,,,,,,,,,,,,,,,1.515845648,1.666490977,2.074590349,2.083148355,1.358990105,1.225501183,1.496757447,1.324427116,1.356247597,1.334470099,1.402852109,1.436548204,1.380355875,1.278526067,1.285819921,1.395769426,1.512380159,1.474037186,1.670960153,2.018949839,1.932364294,2.037319124,2.187406384,2.349138366,2.538385636,,,,,,,
Latin America & the Caribbean (IDA & IBRD countries),TLA,GDP per unit of energy use (constant 2017 PPP $ per kg of oil equivalent),EG.GDP.PUSE.KO.PP.KD,,,,,,,,,,,,,,,,,,,,,,,,,,,,,,,10.63638895,10.6697215,10.72872091,11.00577185,11.12291502,11.00094319,10.98582285,11.08211287,11.02738998,10.86376632,11.14810901,11.06095772,10.99099546,10.88374197,11.02698402,11.00081874,11.12151845,11.40743184,11.54805556,11.41815252,11.6133842,11.79328444,11.67091607,11.70389099,11.68116189,,,,,,,
Timor-Leste,TLS,GDP per unit of energy use (constant 2017 PPP $ per kg of oil equivalent),EG.GDP.PUSE.KO.PP.KD,,,,,,,,,,,,,,,,,,,,,,,,,,,,,,,,,,,,,,,,,,,,,37.3720909,38.48863783,36.27765773,38.68912746,,,,,,,,,,,,,,
Middle East & North Africa (IDA & IBRD countries),TMN,GDP per unit of energy use (constant 2017 PPP $ per kg of oil equivalent),EG.GDP.PUSE.KO.PP.KD,,,,,,,,,,,,,,,,,,,,,,,,,,,,,,,8.734083078,8.457050439,8.135928135,7.592602299,7.22318371,7.187858682,7.683666073,7.241714645,7.849931969,7.869517713,8.355094749,7.967269372,8.02993252,8.074990924,8.047503045,7.716663075,7.833061157,7.958892112,7.786017062,7.718451277,8.010180193,7.848230951,7.695672519,7.604995796,7.527705847,,,,,,,
Tonga,TON,GDP per unit of energy use (constant 2017 PPP $ per kg of oil equivalent),EG.GDP.PUSE.KO.PP.KD,,,,,,,,,,,,,,,,,,,,,,,,,,,,,,,14.1219386,,,,,,,,,,,,,,9.395826502,9.403440306,9.389463472,9.252591695,,,,,,,,,,,,,,
South Asia (IDA & IBRD),TSA,GDP per unit of energy use (constant 2017 PPP $ per kg of oil equivalent),EG.GDP.PUSE.KO.PP.KD,,,,,,,,,,,,,,,,,,,,,,,,,,,,,,,5.966131211,5.866908183,5.967392327,6.051232006,6.177415098,6.248125863,6.453109717,6.446531542,6.637875061,6.760702677,6.861033029,7.049023611,7.10948787,7.414153756,7.580476046,7.846892341,8.037393157,8.167187344,8.097607,7.955944142,8.186383156,8.282868634,8.355261295,8.664572962,8.766651412,,,,,,,
Sub-Saharan Africa (IDA & IBRD countries),TSS,GDP per unit of energy use (constant 2017 PPP $ per kg of oil equivalent),EG.GDP.PUSE.KO.PP.KD,,,,,,,,,,,,,,,,,,,,,,,,,,,,,,,4.966862971,4.795942935,4.793818926,4.587409941,4.566171988,4.547047493,4.638915831,4.711394519,4.76025931,4.707088024,4.842978124,4.864383747,5.085506989,5.062434017,5.182820179,5.376732003,5.609051915,5.723680983,5.672160161,5.797668941,5.960462291,6.037081609,6.051287156,6.223167768,6.414779324,,,,,,,
Trinidad and Tobago,TTO,GDP per unit of energy use (constant 2017 PPP $ per kg of oil equivalent),EG.GDP.PUSE.KO.PP.KD,,,,,,,,,,,,,,,,,,,,,,,,,,,,,,,2.066008631,2.143447623,2.146564727,2.227937192,2.294062755,2.43864517,2.209178663,2.519847424,2.34649052,2.170919003,2.192198079,2.044845244,2.028356194,2.075589178,2.134455933,1.974467119,2.003342155,1.973079404,2.101118416,1.98724822,1.920741299,1.94643542,2.128548306,2.170603414,2.246411896,,,,,,,
Tunisia,TUN,GDP per unit of energy use (constant 2017 PPP $ per kg of oil equivalent),EG.GDP.PUSE.KO.PP.KD,,,,,,,,,,,,,,,,,,,,,,,,,,,,,,,9.65643934,10.13149636,9.822026316,10.31202533,9.844468211,9.948765916,10.19806686,10.42545339,10.02280378,10.28360481,10.39067421,10.21837886,10.21768842,10.41304305,10.49355861,11.05312551,11.05150481,11.41846216,11.41231315,12.10517525,11.10230244,11.39400746,11.37524487,11.46304139,11.70178166,,,,,,,
Turkiye,TUR,GDP per unit of energy use (constant 2017 PPP $ per kg of oil equivalent),EG.GDP.PUSE.KO.PP.KD,,,,,,,,,,,,,,,,,,,,,,,,,,,,,,,12.91801475,13.19677044,13.43451751,13.63327713,13.15347601,12.95491424,12.79826647,13.08624426,13.15053422,12.95536365,12.84969499,13.0968925,13.19278038,13.29827539,14.08594943,14.71712471,14.22898634,13.92304471,14.21987236,13.66137171,13.58113517,14.19114311,14.27733949,15.65917676,15.81027151,15.71953979,,,,,,
Tuvalu,TUV,GDP per unit of energy use (constant 2017 PPP $ per kg of oil equivalent),EG.GDP.PUSE.KO.PP.KD,,,,,,,,,,,,,,,,,,,,,,,,,,,,,,,,,,,,,,,,,,,,,,,,,,,,,,,,,,,,,,
Tanzania,TZA,GDP per unit of energy use (constant 2017 PPP $ per kg of oil equivalent),EG.GDP.PUSE.KO.PP.KD,,,,,,,,,,,,,,,,,,,,,,,,,,,,,,,3.505168837,3.505928366,3.481463369,3.430411403,3.422633004,3.383256229,3.493782238,3.582450025,3.488991483,3.441621224,3.407813357,3.422860438,3.488608284,3.579997914,3.629254601,3.724935495,3.830375019,3.949932142,4.038234801,4.134848457,4.182924275,4.260482203,4.195117129,4.323263328,4.463018761,,,,,,,
Uganda,UGA,GDP per unit of energy use (constant 2017 PPP $ per kg of oil equivalent),EG.GDP.PUSE.KO.PP.KD,,,,,,,,,,,,,,,,,,,,,,,,,,,,,,,,,,,,,,,,,,,,,,,,,,,,,,,,,,,,,,
Ukraine,UKR,GDP per unit of energy use (constant 2017 PPP $ per kg of oil equivalent),EG.GDP.PUSE.KO.PP.KD,,,,,,,,,,,,,,,,,,,,,,,,,,,,,,,3.382683009,3.084540514,3.19439606,3.092675272,2.79848814,2.488199549,2.44436545,2.477997374,2.57063169,2.577549777,2.755483998,2.991213339,3.115954377,3.199224103,3.596254447,3.731892629,4.176472513,4.454217009,4.713454612,4.702165358,4.2332782,4.670894652,4.832458512,5.099890215,5.039639008,,,,,,,
Upper middle income,UMC,GDP per unit of energy use (constant 2017 PPP $ per kg of oil equivalent),EG.GDP.PUSE.KO.PP.KD,,,,,,,,,,,,,,,,,,,,,,,,,,,,,,,4.38646373,4.437495,4.503940617,4.6135091,4.785497186,4.786690747,4.914994507,5.175055775,5.31562431,5.441044675,5.648188498,5.698123565,5.75397143,5.603296729,5.588648885,5.650778588,5.760380735,5.957185969,6.118405896,6.086049258,6.072533376,6.119011952,6.258939856,6.41884918,6.627091825,,,,,,,
Uruguay,URY,GDP per unit of energy use (constant 2017 PPP $ per kg of oil equivalent),EG.GDP.PUSE.KO.PP.KD,,,,,,,,,,,,,,,,,,,,,,,,,,,,,,,15.28603884,14.59503397,14.2542076,15.68027263,17.61056831,16.22794525,15.54247503,16.60543005,16.86235619,15.14895309,15.55000606,17.04938184,16.80642495,17.04320098,15.73750548,16.40756461,15.86979865,16.99940797,13.88682551,14.55692774,15.85818143,15.4263916,15.21794415,16.04483923,16.17514501,,,,,,,
United States,USA,GDP per unit of energy use (constant 2017 PPP $ per kg of oil equivalent),EG.GDP.PUSE.KO.PP.KD,,,,,,,,,,,,,,,,,,,,,,,,,,,,,,,5.273388636,5.225209417,5.302844152,5.355000239,5.468560675,5.544644244,5.628749543,5.82050069,6.030027519,6.152747693,6.227700898,6.407311774,6.443076847,6.607931213,6.723937613,6.925129713,7.185853496,7.204305536,7.402920681,7.584362576,7.612569366,7.818102654,8.120385907,8.172925599,8.23314468,8.58724006,,,,,,
Uzbekistan,UZB,GDP per unit of energy use (constant 2017 PPP $ per kg of oil equivalent),EG.GDP.PUSE.KO.PP.KD,,,,,,,,,,,,,,,,,,,,,,,,,,,,,,,1.609576277,1.544600329,1.456842126,1.368218817,1.31096895,1.416084832,1.392695837,1.440484899,1.351798149,1.373017329,1.438080509,1.488758639,1.486242949,1.602292046,1.746638408,2.015457606,2.119879307,2.33684013,2.444836461,2.974888046,3.274650278,3.213317741,3.365850807,4.07273485,,,,,,,,
St. Vincent and the Grenadines,VCT,GDP per unit of energy use (constant 2017 PPP $ per kg of oil equivalent),EG.GDP.PUSE.KO.PP.KD,,,,,,,,,,,,,,,,,,,,,,,,,,,,,,,24.84007532,,,,,,,,,,,,,,17.93484005,18.10681317,18.54343067,19.15962305,,,,,,,,,,,,,,
"Venezuela, RB",VEN,GDP per unit of energy use (constant 2017 PPP $ per kg of oil equivalent),EG.GDP.PUSE.KO.PP.KD,,,,,,,,,,,,,,,,,,,,,,,,,,,,,,,,,,,,,,,,,,,,,,,,,,,,,,,,,,,,,,
British Virgin Islands,VGB,GDP per unit of energy use (constant 2017 PPP $ per kg of oil equivalent),EG.GDP.PUSE.KO.PP.KD,,,,,,,,,,,,,,,,,,,,,,,,,,,,,,,,,,,,,,,,,,,,,,,,,,,,,,,,,,,,,,
Virgin Islands (U.S.),VIR,GDP per unit of energy use (constant 2017 PPP $ per kg of oil equivalent),EG.GDP.PUSE.KO.PP.KD,,,,,,,,,,,,,,,,,,,,,,,,,,,,,,,,,,,,,,,,,,,,,,,,,,,,,,,,,,,,,,
Vietnam,VNM,GDP per unit of energy use (constant 2017 PPP $ per kg of oil equivalent),EG.GDP.PUSE.KO.PP.KD,,,,,,,,,,,,,,,,,,,,,,,,,,,,,,,7.862736124,8.219854753,8.556031204,8.522282078,9.268946332,9.521063315,9.857676799,9.893630265,9.818981158,9.996730262,10.14693426,10.10392448,9.844452424,10.02327897,9.711807682,9.866477085,10.30040238,10.25511734,10.13388859,9.789577429,9.384061863,9.990870984,10.35710028,10.93216931,,,,,,,,
Vanuatu,VUT,GDP per unit of energy use (constant 2017 PPP $ per kg of oil equivalent),EG.GDP.PUSE.KO.PP.KD,,,,,,,,,,,,,,,,,,,,,,,,,,,,,,,17.95313962,,,,,,,,,,,,,,18.78496344,19.78156707,20.76312157,18.91907554,,,,,,,,,,,,,,
World,WLD,GDP per unit of energy use (constant 2017 PPP $ per kg of oil equivalent),EG.GDP.PUSE.KO.PP.KD,,,,,,,,,,,,,,,,,,,,,,,,,,,,,,,6.095070973,6.118619694,6.211893967,6.238256294,6.380238885,6.408724369,6.48925248,6.623363281,6.760762066,6.856052432,7.017844547,7.094930737,7.142907087,7.143087089,7.188243429,7.311112083,7.470313698,7.637296005,7.741437252,7.736901659,7.701026882,7.869023049,7.969905668,8.115090509,8.313145238,,,,,,,
Samoa,WSM,GDP per unit of energy use (constant 2017 PPP $ per kg of oil equivalent),EG.GDP.PUSE.KO.PP.KD,,,,,,,,,,,,,,,,,,,,,,,,,,,,,,,14.22108904,,,,,,,,,,,,,,16.87899752,17.68384558,18.06088765,17.83575247,,,,,,,,,,,,,,
Kosovo,XKX,GDP per unit of energy use (constant 2017 PPP $ per kg of oil equivalent),EG.GDP.PUSE.KO.PP.KD,,,,,,,,,,,,,,,,,,,,,,,,,,,,,,,,,,,,,,,,,,,,,,,,,5.547226268,5.302217916,5.428946237,5.696598,6.185419653,6.544761182,7.214333897,,,,,,,
"Yemen, Rep.",YEM,GDP per unit of energy use (constant 2017 PPP $ per kg of oil equivalent),EG.GDP.PUSE.KO.PP.KD,,,,,,,,,,,,,,,,,,,,,,,,,,,,,,,,,,,,,,,,,,,,,,,,,,,,,,,,,,,,,,
South Africa,ZAF,GDP per unit of energy use (constant 2017 PPP $ per kg of oil equivalent),EG.GDP.PUSE.KO.PP.KD,,,,,,,,,,,,,,,,,,,,,,,,,,,,,,,4.556114888,4.318628113,4.531421884,4.280401525,4.272010823,4.175799418,4.26208229,4.257805818,4.307237108,4.357939687,4.550266582,4.543506262,4.802499993,4.623733526,4.427754509,4.668937447,4.966488603,4.886746039,4.681471842,4.702056984,4.919891724,5.093593213,5.289577365,5.404124928,5.208976378,,,,,,,
Zambia,ZMB,GDP per unit of energy use (constant 2017 PPP $ per kg of oil equivalent),EG.GDP.PUSE.KO.PP.KD,,,,,,,,,,,,,,,,,,,,,,,,,,,,,,,3.230160676,3.14236799,3.042005889,3.245406724,2.945033905,2.979186109,3.191621341,3.177052473,3.133771788,3.273840118,3.317909424,3.386850808,3.422904625,3.542851129,3.685745539,3.82525435,4.037034759,4.372725895,4.55453223,4.855995729,5.171243481,5.16836495,5.297653303,5.271044276,,,,,,,,
Zimbabwe,ZWE,GDP per unit of energy use (constant 2017 PPP $ per kg of oil equivalent),EG.GDP.PUSE.KO.PP.KD,,,,,,,,,,,,,,,,,,,,,,,,,,,,,,,2.942330451,2.929276942,2.581028302,2.726238222,2.999522833,2.950819109,3.270297128,3.391702231,3.410209256,3.17156968,3.25246626,3.308199228,3.067821616,2.662671605,2.566967472,2.306305847,2.174551492,2.137621953,1.894092583,2.082162872,2.442733266,2.583359325,2.835658601,2.802933406,,,,,,,,
